[
null,
{"id":1,"battlerName":"Actor4_1","characterIndex":0,"characterName":"SF_actor4","classId":1,"equips":[7,0,50,4,86],"faceIndex":0,"faceName":"SF_actor4","traits":[],"initialLevel":11,"maxLevel":50,"name":"Edivaldo Terne Zarath","nickname":"","note":"","profile":""},
{"id":2,"battlerName":"Actor2_5","characterIndex":4,"characterName":"Actor2","classId":5,"equips":[43,0,61,4,0],"faceIndex":4,"faceName":"Actor2","traits":[],"initialLevel":1,"maxLevel":15,"name":"Simon Tenebris","nickname":"","note":"","profile":""},
{"id":3,"battlerName":"Actor2_2","characterIndex":1,"characterName":"Actor2","classId":2,"equips":[20,35,61,16,0],"faceIndex":1,"faceName":"Actor2","traits":[],"initialLevel":1,"maxLevel":15,"name":"Eliandres Spon","nickname":"","note":"","profile":""},
{"id":4,"battlerName":"Actor3_5","characterIndex":4,"characterName":"Actor3","classId":2,"equips":[44,0,49,3,74],"faceIndex":4,"faceName":"Actor3","traits":[],"initialLevel":1,"maxLevel":15,"name":"Stive Stivenson","nickname":"","note":"","profile":""},
{"id":5,"battlerName":"ipe","characterIndex":4,"characterName":"SF_Monster","classId":2,"equips":[23,27,60,15,0],"faceIndex":4,"faceName":"SF_Monster","traits":[],"initialLevel":11,"maxLevel":50,"name":"IPE","nickname":"","note":"","profile":""},
{"id":6,"battlerName":"","characterIndex":0,"characterName":"","classId":1,"equips":[0,0,0,0,0],"faceIndex":0,"faceName":"","traits":[],"initialLevel":1,"maxLevel":99,"name":"","nickname":"","note":"","profile":""},
{"id":7,"battlerName":"","characterIndex":0,"characterName":"","classId":1,"equips":[0,0,0,0,0],"faceIndex":0,"faceName":"","traits":[],"initialLevel":1,"maxLevel":99,"name":"GuardiaoLuz","nickname":"","note":"","profile":""},
{"id":8,"battlerName":"","characterIndex":0,"characterName":"","classId":1,"equips":[0,0,0,0,0],"faceIndex":0,"faceName":"","traits":[],"initialLevel":1,"maxLevel":99,"name":"GuardiaoTrevas","nickname":"","note":"","profile":""},
{"id":9,"battlerName":"","characterIndex":0,"characterName":"","classId":1,"equips":[0,0,0,0,0],"faceIndex":0,"faceName":"","traits":[],"initialLevel":1,"maxLevel":99,"name":"ElementoFogo","nickname":"","note":"","profile":""},
{"id":10,"battlerName":"","characterIndex":0,"characterName":"","classId":1,"equips":[0,0,0,0,0],"faceIndex":0,"faceName":"","traits":[],"initialLevel":1,"maxLevel":99,"name":"ElementoTrovao","nickname":"","note":"","profile":""},
{"id":11,"battlerName":"","characterIndex":0,"characterName":"","classId":1,"equips":[0,0,0,0,0],"faceIndex":0,"faceName":"","traits":[],"initialLevel":1,"maxLevel":99,"name":"","nickname":"","note":"","profile":""},
{"id":12,"battlerName":"","characterIndex":0,"characterName":"","classId":1,"equips":[0,0,0,0,0],"faceIndex":0,"faceName":"","traits":[],"initialLevel":1,"maxLevel":99,"name":"","nickname":"","note":"","profile":""},
{"id":13,"battlerName":"","characterIndex":0,"characterName":"","classId":1,"equips":[0,0,0,0,0],"faceIndex":0,"faceName":"","traits":[],"initialLevel":1,"maxLevel":99,"name":"","nickname":"","note":"","profile":""},
{"id":14,"battlerName":"","characterIndex":0,"characterName":"","classId":1,"equips":[0,0,0,0,0],"faceIndex":0,"faceName":"","traits":[],"initialLevel":1,"maxLevel":99,"name":"","nickname":"","note":"","profile":""},
{"id":15,"battlerName":"","characterIndex":0,"characterName":"","classId":1,"equips":[0,0,0,0,0],"faceIndex":0,"faceName":"","traits":[],"initialLevel":1,"maxLevel":99,"name":"","nickname":"","note":"","profile":""},
{"id":16,"battlerName":"","characterIndex":0,"characterName":"","classId":1,"equips":[0,0,0,0,0],"faceIndex":0,"faceName":"","traits":[],"initialLevel":1,"maxLevel":99,"name":"","nickname":"","note":"","profile":""},
{"id":17,"battlerName":"","characterIndex":0,"characterName":"","classId":1,"equips":[0,0,0,0,0],"faceIndex":0,"faceName":"","traits":[],"initialLevel":1,"maxLevel":99,"name":"","nickname":"","note":"","profile":""},
{"id":18,"battlerName":"","characterIndex":0,"characterName":"","classId":1,"equips":[0,0,0,0,0],"faceIndex":0,"faceName":"","traits":[],"initialLevel":1,"maxLevel":99,"name":"","nickname":"","note":"","profile":""},
{"id":19,"battlerName":"arquimaus","characterIndex":2,"characterName":"SF_actor4","classId":4,"equips":[49,0,46,2,76],"faceIndex":2,"faceName":"SF_actor4","traits":[],"initialLevel":11,"maxLevel":15,"name":"Arquimaus","nickname":"","note":"","profile":""},
{"id":20,"battlerName":"victim","characterIndex":5,"characterName":"Nature","classId":3,"equips":[8,0,68,2,86],"faceIndex":5,"faceName":"Nature","traits":[{"code":11,"dataId":8,"value":0},{"code":11,"dataId":9,"value":2}],"initialLevel":11,"maxLevel":15,"name":"Victim","nickname":"GUardião da Floresta da Vida","note":"","profile":""}
]