[
null,
{"id":1,"atypeId":1,"description":"","etypeId":4,"traits":[{"code":22,"dataId":1,"value":0}],"iconIndex":135,"name":"-----Equipamentos","note":"","params":[0,0,0,1,0,0,0,0],"price":100},
{"id":2,"atypeId":1,"description":"[Equipamento Comum] Roupas de linho bastante arejadas.","etypeId":4,"traits":[{"code":22,"dataId":1,"value":0}],"iconIndex":135,"name":"Roupas de Linho","note":"","params":[0,0,0,1,0,0,0,0],"price":100},
{"id":3,"atypeId":1,"description":"[Equipamento Comum] Colete feito de couro curtido.","etypeId":4,"traits":[{"code":22,"dataId":1,"value":0}],"iconIndex":135,"name":"Colete de Couro","note":"","params":[0,0,0,3,0,0,0,0],"price":200},
{"id":4,"atypeId":1,"description":"[Equipamento Comum] Roupas duradouras capazes de\naguentar árduas viagens.","etypeId":4,"traits":[{"code":22,"dataId":1,"value":0}],"iconIndex":135,"name":"Roupas de Aventureiro","note":"","params":[0,0,0,7,0,0,0,0],"price":550},
{"id":5,"atypeId":1,"description":"[Equipamento Comum] Colete feito de couro enrijecido\n com cola.","etypeId":4,"traits":[{"code":22,"dataId":1,"value":0}],"iconIndex":135,"name":"Couro Duro","note":"","params":[0,0,0,15,0,0,0,0],"price":980},
{"id":6,"atypeId":1,"description":"[Equipamento Comum] Vestimenta de couro curtido\nreforçada com chapas de aço.","etypeId":4,"traits":[{"code":22,"dataId":1,"value":0}],"iconIndex":135,"name":"Brigantina","note":"","params":[0,0,0,20,0,0,0,0],"price":1560},
{"id":7,"atypeId":0,"description":"","etypeId":2,"traits":[{"code":22,"dataId":1,"value":0}],"iconIndex":0,"name":"","note":"","params":[0,0,0,0,0,0,0,0],"price":0},
{"id":8,"atypeId":3,"description":"[Equipamento Leve] Armadura feita com um tecido rígido.","etypeId":4,"traits":[{"code":22,"dataId":1,"value":0}],"iconIndex":136,"name":"Armadura de Tecido","note":"","params":[0,0,0,4,0,0,0,0],"price":260},
{"id":9,"atypeId":3,"description":"[Equipamento Leve] Armadura feita com camadas de couro.","etypeId":4,"traits":[{"code":22,"dataId":1,"value":0}],"iconIndex":136,"name":"Armadura de Couro","note":"","params":[0,0,0,8,0,0,0,0],"price":550},
{"id":10,"atypeId":3,"description":"[Equipamento Leve] Uma couraça feita de bronze.","etypeId":4,"traits":[{"code":22,"dataId":1,"value":0}],"iconIndex":136,"name":"Couraça de Bronze","note":"","params":[0,0,0,13,0,0,0,0],"price":840},
{"id":11,"atypeId":3,"description":"[Equipamento Leve] Uma couraça feita de aço.","etypeId":4,"traits":[{"code":22,"dataId":1,"value":0}],"iconIndex":136,"name":"Couraça de Aço","note":"","params":[0,0,0,20,0,0,0,0],"price":1280},
{"id":12,"atypeId":3,"description":"[Equipamento Leve] Uma couraça feita de mithril.","etypeId":4,"traits":[{"code":22,"dataId":1,"value":0}],"iconIndex":136,"name":"Couraça de Mithril","note":"","params":[0,0,0,27,0,0,0,0],"price":2800},
{"id":13,"atypeId":3,"description":"[Equipamento Leve] Uma couraça feita de escamas\nde dragão.","etypeId":4,"traits":[{"code":22,"dataId":1,"value":0}],"iconIndex":136,"name":"Couraça de Dragão","note":"","params":[0,0,0,35,0,0,0,0],"price":4680},
{"id":14,"atypeId":0,"description":"","etypeId":2,"traits":[{"code":22,"dataId":1,"value":0}],"iconIndex":0,"name":"","note":"","params":[0,0,0,0,0,0,0,0],"price":0},
{"id":15,"atypeId":4,"description":"[Equipamento Pesado] Armadura feita de bronze.","etypeId":4,"traits":[{"code":22,"dataId":1,"value":0}],"iconIndex":137,"name":"Armadura de Bronze","note":"","params":[0,0,0,15,0,0,0,0],"price":680},
{"id":16,"atypeId":4,"description":"[Equipamento Pesado] Armadura feita de aço.","etypeId":4,"traits":[{"code":22,"dataId":1,"value":0}],"iconIndex":137,"name":"Armadura de Aço","note":"","params":[0,0,0,24,0,0,0,0],"price":1480},
{"id":17,"atypeId":4,"description":"[Equipamento Pesado] Armadura feita de mithril.","etypeId":4,"traits":[{"code":22,"dataId":1,"value":0}],"iconIndex":137,"name":"Armadura de Mithril","note":"","params":[0,0,0,37,0,0,0,0],"price":3250},
{"id":18,"atypeId":4,"description":"[Equipamento Pesado] Armadura feita de escamas\nde dragão.","etypeId":4,"traits":[{"code":22,"dataId":1,"value":0}],"iconIndex":137,"name":"Armadura de Dragão","note":"","params":[0,0,0,50,0,0,0,0],"price":5260},
{"id":19,"atypeId":0,"description":"","etypeId":2,"traits":[{"code":22,"dataId":1,"value":0}],"iconIndex":0,"name":"","note":"","params":[0,0,0,0,0,0,0,0],"price":0},
{"id":20,"atypeId":2,"description":"[Equipamento Mágico] Trajes básicos e largamente\ndifundidos.","etypeId":4,"traits":[{"code":22,"dataId":1,"value":0}],"iconIndex":139,"name":"Trajes de Algodão","note":"","params":[0,0,0,4,2,3,0,0],"price":150},
{"id":21,"atypeId":2,"description":"[Equipamento Mágico] Uma capa de alta qualidade\nfeita de seda.","etypeId":4,"traits":[{"code":22,"dataId":1,"value":0}],"iconIndex":139,"name":"Capa de Seda","note":"","params":[0,0,0,9,4,6,0,0],"price":560},
{"id":22,"atypeId":2,"description":"[Equipamento Mágico] Trajes gravados com inscrições\nrúnicas.","etypeId":4,"traits":[{"code":22,"dataId":1,"value":0}],"iconIndex":139,"name":"Trajes do Estrategista","note":"","params":[0,0,0,15,7,11,0,0],"price":1220},
{"id":23,"atypeId":2,"description":"[Equipamento Mágico] Trajes entrelaçados com\npoderes mágicos.","etypeId":4,"traits":[{"code":22,"dataId":1,"value":0}],"iconIndex":139,"name":"Trajes do Sábio","note":"","params":[0,0,0,21,15,18,0,0],"price":2980},
{"id":24,"atypeId":2,"description":"[Equipamento Mágico] Uma capa que abriga\no poder de espíritos.","etypeId":4,"traits":[{"code":22,"dataId":1,"value":0}],"iconIndex":139,"name":"Capa Elemental","note":"","params":[0,0,0,28,20,32,0,0],"price":5760},
{"id":25,"atypeId":0,"description":"","etypeId":2,"traits":[{"code":22,"dataId":1,"value":0}],"iconIndex":0,"name":"","note":"","params":[0,0,0,0,0,0,0,0],"price":0},
{"id":26,"atypeId":1,"description":"","etypeId":4,"traits":[{"code":22,"dataId":1,"value":0}],"iconIndex":135,"name":"-----Escudos","note":"","params":[0,0,0,1,0,0,0,0],"price":100},
{"id":27,"atypeId":5,"description":"[Escudo Pequeno] Um pequeno escudo para refletir\n ataques.","etypeId":2,"traits":[{"code":22,"dataId":1,"value":0}],"iconIndex":129,"name":"Broquel","note":"","params":[0,0,0,5,0,0,0,0],"price":300},
{"id":28,"atypeId":5,"description":"[Escudo Pequeno] Um escudo circular de madeira\nreforçado com uma armação de ferro.","etypeId":2,"traits":[{"code":22,"dataId":1,"value":0}],"iconIndex":129,"name":"Broquel Circular","note":"","params":[0,0,0,10,0,0,0,0],"price":670},
{"id":29,"atypeId":5,"description":"[Escudo Pequeno] Um escudo circular com espinhos\nafixados para ataque.","etypeId":2,"traits":[{"code":22,"dataId":1,"value":0}],"iconIndex":129,"name":"Broquel com Espinhos","note":"","params":[0,0,0,15,0,0,0,0],"price":1320},
{"id":30,"atypeId":5,"description":"[Escudo Pequeno] Um pequeno escudo feito de mithril.","etypeId":2,"traits":[{"code":22,"dataId":1,"value":0}],"iconIndex":129,"name":"Broquel de Mithril","note":"","params":[0,0,0,21,0,0,0,0],"price":2750},
{"id":31,"atypeId":5,"description":"[Escudo Pequeno] Um pequeno escudo feito de escamas\nde dragão.","etypeId":2,"traits":[{"code":22,"dataId":1,"value":0}],"iconIndex":129,"name":"Broquel do Dragão","note":"","params":[0,0,0,28,0,0,0,0],"price":5280},
{"id":32,"atypeId":0,"description":"","etypeId":2,"traits":[{"code":22,"dataId":1,"value":0}],"iconIndex":0,"name":"","note":"","params":[0,0,0,0,0,0,0,0],"price":0},
{"id":33,"atypeId":6,"description":"[Escudo Grande] Um escudo grande e comum de madeira.","etypeId":2,"traits":[{"code":22,"dataId":1,"value":0}],"iconIndex":128,"name":"Escudo de Madeira","note":"","params":[0,0,0,7,0,0,0,0],"price":550},
{"id":34,"atypeId":6,"description":"[Escudo Grande] Um escudo grande feito com chapas\nde bronze.","etypeId":2,"traits":[{"code":22,"dataId":1,"value":0}],"iconIndex":128,"name":"Escudo de Bronze","note":"","params":[0,0,0,12,0,0,0,0],"price":960},
{"id":35,"atypeId":6,"description":"[Escudo Grande] Um escudo grande feito de aço.","etypeId":2,"traits":[{"code":22,"dataId":1,"value":0}],"iconIndex":128,"name":"Escudo de Aço","note":"","params":[0,0,0,17,0,0,0,0],"price":1480},
{"id":36,"atypeId":6,"description":"[Escudo Grande] Um escudo grande feito de mithril.","etypeId":2,"traits":[{"code":22,"dataId":1,"value":0}],"iconIndex":128,"name":"Escudo de Mithril","note":"","params":[0,0,0,25,0,0,0,0],"price":2980},
{"id":37,"atypeId":6,"description":"[Escudo Grande] Um escudo grande feito com escamas\nde dragão.","etypeId":2,"traits":[{"code":22,"dataId":1,"value":0}],"iconIndex":128,"name":"Escudo de Dragão","note":"","params":[0,0,0,38,0,0,0,0],"price":6120},
{"id":38,"atypeId":0,"description":"","etypeId":2,"traits":[{"code":22,"dataId":1,"value":0}],"iconIndex":0,"name":"","note":"","params":[0,0,0,0,0,0,0,0],"price":0},
{"id":39,"atypeId":2,"description":"[Equipamento Mágico] Um bracelete encantado\ncom magia de proteção.","etypeId":2,"traits":[{"code":22,"dataId":1,"value":0}],"iconIndex":144,"name":"Bracelete de madeira","note":"","params":[0,0,0,2,0,3,0,0],"price":300},
{"id":40,"atypeId":2,"description":"[Equipamento Mágico] Um bracelete encantado\ncom magia de proteção.","etypeId":2,"traits":[{"code":22,"dataId":1,"value":0}],"iconIndex":144,"name":"Bracelete de Bronze","note":"","params":[0,0,0,5,0,6,0,0],"price":650},
{"id":41,"atypeId":2,"description":"[Equipamento Mágico] Um bracelete encantado\ncom magia de proteção.","etypeId":2,"traits":[{"code":22,"dataId":1,"value":0}],"iconIndex":144,"name":"Bracelete de Ferro","note":"","params":[0,0,0,10,0,9,0,0],"price":1280},
{"id":42,"atypeId":2,"description":"[Equipamento Mágico] Um bracelete encantado\ncom magia de proteção.","etypeId":2,"traits":[{"code":22,"dataId":1,"value":0}],"iconIndex":144,"name":"Bracelete de Mithril","note":"","params":[0,0,0,16,0,12,0,0],"price":2680},
{"id":43,"atypeId":2,"description":"[Equipamento Mágico] Um bracelete encantado\ncom magia de proteção.","etypeId":2,"traits":[{"code":22,"dataId":1,"value":0}],"iconIndex":144,"name":"Bracelete de Dragão","note":"","params":[0,0,0,23,0,15,0,0],"price":4860},
{"id":44,"atypeId":0,"description":"","etypeId":2,"traits":[{"code":22,"dataId":1,"value":0}],"iconIndex":0,"name":"","note":"","params":[0,0,0,0,0,0,0,0],"price":0},
{"id":45,"atypeId":1,"description":"","etypeId":4,"traits":[{"code":22,"dataId":1,"value":0}],"iconIndex":135,"name":"-----Elmos","note":"","params":[0,0,0,1,0,0,0,0],"price":100},
{"id":46,"atypeId":1,"description":"[Equipamento Comum] Acessório de tecido para\na cabeça que protege a fronte.","etypeId":3,"traits":[{"code":22,"dataId":1,"value":0}],"iconIndex":150,"name":"Bandana","note":"","params":[0,0,0,1,0,0,0,0],"price":50},
{"id":47,"atypeId":1,"description":"[Equipamento Comum] Acessório de couro para\na cabeça que protege a fronte.","etypeId":3,"traits":[{"code":22,"dataId":1,"value":0}],"iconIndex":150,"name":"Bandana de Couro","note":"","params":[0,0,0,4,0,0,0,0],"price":120},
{"id":48,"atypeId":1,"description":"[Equipamento Comum] Um chapéu feito de couro.","etypeId":3,"traits":[{"code":22,"dataId":1,"value":0}],"iconIndex":130,"name":"Chapéu de Couro","note":"","params":[0,0,0,8,0,0,0,0],"price":480},
{"id":49,"atypeId":1,"description":"[Equipamento Comum] Um tecido espesso enrolado\nao redor da cabeça utilizado para proteger.","etypeId":3,"traits":[{"code":22,"dataId":1,"value":0}],"iconIndex":130,"name":"Turbante","note":"","params":[0,0,0,12,0,0,0,0],"price":980},
{"id":50,"atypeId":1,"description":"[Equipamento Comum] Um chapéu exuberante com penas\nde aves afixadas.","etypeId":3,"traits":[{"code":22,"dataId":1,"value":0}],"iconIndex":130,"name":"Chapéu Emplumado","note":"","params":[0,0,0,16,0,0,0,0],"price":1890},
{"id":51,"atypeId":0,"description":"","etypeId":2,"traits":[{"code":22,"dataId":1,"value":0}],"iconIndex":0,"name":"","note":"","params":[0,0,0,0,0,0,0,0],"price":0},
{"id":52,"atypeId":3,"description":"[Equipamento Leve] Um artigo para a cabeça feito\nde couro curtido.","etypeId":3,"traits":[{"code":22,"dataId":1,"value":0}],"iconIndex":130,"name":"Capacete de Couro","note":"","params":[0,0,0,3,0,0,0,0],"price":100},
{"id":53,"atypeId":3,"description":"[Equipamento Leve] Um capacete leve feito de madeira.","etypeId":3,"traits":[{"code":22,"dataId":1,"value":0}],"iconIndex":130,"name":"Capacete de Madeira","note":"","params":[0,0,0,7,0,0,0,0],"price":300},
{"id":54,"atypeId":3,"description":"[Equipamento Leve] Um capacete leve reforçado com\nchapas de bronze.","etypeId":3,"traits":[{"code":22,"dataId":1,"value":0}],"iconIndex":130,"name":"Capacete de Bronze","note":"","params":[0,0,0,12,0,0,0,0],"price":720},
{"id":55,"atypeId":3,"description":"[Equipamento Leve] Um capacete leve reforçado com\nchapas de ferro.","etypeId":3,"traits":[{"code":22,"dataId":1,"value":0}],"iconIndex":130,"name":"Capacete de Ferro","note":"","params":[0,0,0,18,0,0,0,0],"price":1680},
{"id":56,"atypeId":3,"description":"[Equipamento Leve] Um capacete leve reforçado com\nmithril.","etypeId":3,"traits":[{"code":22,"dataId":1,"value":0}],"iconIndex":130,"name":"Capacete de Mithril","note":"","params":[0,0,0,24,0,0,0,0],"price":3250},
{"id":57,"atypeId":3,"description":"[Equipamento Leve] Um capacete leve reforçado com\nescamas de dragão.","etypeId":3,"traits":[{"code":22,"dataId":1,"value":0}],"iconIndex":130,"name":"Capacete de Dragão","note":"","params":[0,0,0,30,0,0,0,0],"price":5480},
{"id":58,"atypeId":0,"description":"","etypeId":2,"traits":[{"code":22,"dataId":1,"value":0}],"iconIndex":0,"name":"","note":"","params":[0,0,0,0,0,0,0,0],"price":0},
{"id":59,"atypeId":4,"description":"[Equipamento Pesado] Um capuz feito com delgados elos\nentrelaçados.","etypeId":3,"traits":[{"code":22,"dataId":1,"value":0}],"iconIndex":132,"name":"Coifa de Malha","note":"","params":[0,0,0,5,0,0,0,0],"price":250},
{"id":60,"atypeId":4,"description":"[Equipamento Pesado] Um elmo feito com espessas\nchapas de bronze.","etypeId":3,"traits":[{"code":22,"dataId":1,"value":0}],"iconIndex":132,"name":"Elmo de Bronze","note":"","params":[0,0,0,12,0,0,0,0],"price":750},
{"id":61,"atypeId":4,"description":"[Equipamento Pesado] Um elmo feito com espessas\nchapas de ferro.","etypeId":3,"traits":[{"code":22,"dataId":1,"value":0}],"iconIndex":132,"name":"Elmo de Ferro","note":"","params":[0,0,0,20,0,0,0,0],"price":1580},
{"id":62,"atypeId":4,"description":"[Equipamento Pesado] Um elmo feito com mithril.","etypeId":3,"traits":[{"code":22,"dataId":1,"value":0}],"iconIndex":132,"name":"Elmo de Mithril","note":"","params":[0,0,0,28,0,0,0,0],"price":3480},
{"id":63,"atypeId":4,"description":"[Equipamento Pesado] Um elmo feito com escamas\nde dragão.","etypeId":3,"traits":[{"code":22,"dataId":1,"value":0}],"iconIndex":132,"name":"Elmo de Dragão","note":"","params":[0,0,0,34,0,0,0,0],"price":6780},
{"id":64,"atypeId":0,"description":"","etypeId":2,"traits":[{"code":22,"dataId":1,"value":0}],"iconIndex":0,"name":"","note":"","params":[0,0,0,0,0,0,0,0],"price":0},
{"id":65,"atypeId":2,"description":"[Equipamento Mágico] Um chapéu triangular de couro\ncurtido com uma aba larga.","etypeId":3,"traits":[{"code":22,"dataId":1,"value":0}],"iconIndex":133,"name":"Chapéu Pontiagudo","note":"","params":[0,10,0,5,10,10,0,0],"price":100},
{"id":66,"atypeId":2,"description":"[Equipamento Mágico] Uma coroa simples encantada\ncom magia de proteção.","etypeId":3,"traits":[{"code":22,"dataId":1,"value":0}],"iconIndex":133,"name":"Coroa","note":"","params":[0,0,0,5,0,10,0,0],"price":360},
{"id":67,"atypeId":2,"description":"[Equipamento Mágico] Uma coroa de prata encantada\ncom magia de proteção.","etypeId":3,"traits":[{"code":22,"dataId":1,"value":0}],"iconIndex":133,"name":"Coroa de Prata","note":"","params":[0,0,0,8,0,15,0,0],"price":980},
{"id":68,"atypeId":2,"description":"[Equipamento Mágico] Uma coroa de ouro encantada\ncom magia de proteção.","etypeId":3,"traits":[{"code":22,"dataId":1,"value":0}],"iconIndex":133,"name":"Coroa de Ouro","note":"","params":[0,0,0,16,0,25,0,0],"price":1980},
{"id":69,"atypeId":2,"description":"[Equipamento Mágico] Uma coroa de mithril encantada\ncom magia de proteção.","etypeId":3,"traits":[{"code":22,"dataId":1,"value":0}],"iconIndex":133,"name":"Coara de Mithril","note":"","params":[0,0,0,20,0,30,0,0],"price":3680},
{"id":70,"atypeId":2,"description":"[Equipamento Mágico] A coroa de um sábio encantada\ncom magia de proteção.","etypeId":3,"traits":[{"code":22,"dataId":1,"value":0}],"iconIndex":133,"name":"Coroa Mestre","note":"","params":[0,0,0,25,0,36,0,0],"price":5860},
{"id":71,"atypeId":0,"description":"","etypeId":2,"traits":[{"code":22,"dataId":1,"value":0}],"iconIndex":0,"name":"","note":"","params":[0,0,0,0,0,0,0,0],"price":0},
{"id":72,"atypeId":1,"description":"","etypeId":4,"traits":[{"code":22,"dataId":1,"value":0}],"iconIndex":135,"name":"-----Acessórios","note":"","params":[0,0,0,1,0,0,0,0],"price":100},
{"id":73,"atypeId":1,"description":"[Acessório] Um amuleto que aumenta a Defesa.","etypeId":5,"traits":[{"code":22,"dataId":1,"value":0}],"iconIndex":147,"name":"Pedra Sagrada","note":"","params":[0,0,0,5,0,5,0,0],"price":500},
{"id":74,"atypeId":1,"description":"[Acessório] Um anel que aumenta a Defesa.","etypeId":5,"traits":[{"code":22,"dataId":1,"value":0}],"iconIndex":145,"name":"Anel Protetor","note":"","params":[0,0,0,10,0,10,0,0],"price":1000},
{"id":75,"atypeId":1,"description":"[Acessório] Um amuleto que aumenta o Ataque.","etypeId":5,"traits":[{"code":22,"dataId":1,"value":0}],"iconIndex":147,"name":"Pedra do Poder","note":"","params":[0,0,5,0,5,0,0,0],"price":500},
{"id":76,"atypeId":1,"description":"[Acessório] Um anel que aumenta o Ataque.","etypeId":5,"traits":[{"code":22,"dataId":1,"value":0}],"iconIndex":145,"name":"Anel do Poder","note":"","params":[0,0,5,0,10,0,0,0],"price":1000},
{"id":77,"atypeId":1,"description":"[Acessório] Um amuleto que aumenta a Agilidade.","etypeId":5,"traits":[{"code":22,"dataId":1,"value":0}],"iconIndex":147,"name":"Pedra da Velocidade","note":"","params":[0,0,0,0,0,0,5,0],"price":500},
{"id":78,"atypeId":1,"description":"[Acessório] Um anel que aumenta a Agilidade.","etypeId":5,"traits":[{"code":22,"dataId":1,"value":0}],"iconIndex":145,"name":"Anel da Velocidade","note":"","params":[0,0,0,0,0,0,5,0],"price":1000},
{"id":79,"atypeId":1,"description":"[Acessório] Um amuleto que aumenta a Sorte.","etypeId":5,"traits":[{"code":22,"dataId":1,"value":0}],"iconIndex":147,"name":"Pedra da Sorte","note":"","params":[0,0,0,0,0,0,0,5],"price":500},
{"id":80,"atypeId":1,"description":"[Acessório] Um anel que aumenta a Sorte.","etypeId":5,"traits":[{"code":22,"dataId":1,"value":0}],"iconIndex":145,"name":"Anel da Sorte","note":"","params":[0,0,0,0,0,0,0,10],"price":1000},
{"id":81,"atypeId":1,"description":"[Acessório] Um amuleto que aumenta o Ataque M.","etypeId":5,"traits":[{"code":22,"dataId":1,"value":0}],"iconIndex":147,"name":"Pedra Mágica","note":"","params":[0,0,0,0,5,5,0,0],"price":500},
{"id":82,"atypeId":1,"description":"[Acessório] Um anel que aumenta o Ataque M.","etypeId":5,"traits":[{"code":22,"dataId":1,"value":0}],"iconIndex":145,"name":"Anel Mágico","note":"","params":[0,0,0,0,10,10,0,0],"price":1000},
{"id":83,"atypeId":1,"description":"[Acessório] Um amuleto que aumenta a Taxa de Acerto\ndos ataques.","etypeId":5,"traits":[{"code":22,"dataId":1,"value":0},{"code":22,"dataId":0,"value":1.5}],"iconIndex":147,"name":"Pedra do Atirador","note":"","params":[0,0,0,0,0,0,0,0],"price":500},
{"id":84,"atypeId":1,"description":"[Acessório] Um anel que aumenta a Taxa de Acerto\ndos ataques.","etypeId":5,"traits":[{"code":22,"dataId":1,"value":0},{"code":22,"dataId":0,"value":2}],"iconIndex":145,"name":"Anel do Atirador","note":"","params":[0,0,0,0,0,0,0,0],"price":100},
{"id":85,"atypeId":1,"description":"[Acessório] Amuleto que reduz o consumo de PM em 20%.","etypeId":5,"traits":[{"code":22,"dataId":1,"value":0},{"code":23,"dataId":4,"value":0.8}],"iconIndex":147,"name":"Pedra Mestre","note":"","params":[0,0,0,0,0,0,0,0],"price":500},
{"id":86,"atypeId":1,"description":"[Acessório] Anel que reduz o consumo de PM em 50%.","etypeId":5,"traits":[{"code":22,"dataId":1,"value":0},{"code":23,"dataId":4,"value":0.5}],"iconIndex":145,"name":"Anel Mestre","note":"","params":[0,0,0,0,0,0,0,0],"price":1000},
{"id":87,"atypeId":1,"description":"","etypeId":4,"traits":[{"code":22,"dataId":1,"value":0.2}],"iconIndex":138,"name":"Manto de Ladino","note":"","params":[0,0,0,10,0,10,20,10],"price":0},
{"id":88,"atypeId":1,"description":"[Acessório] Um anel que ajuda a prevenir\n o envenenamento e paralisia.","etypeId":5,"traits":[{"code":22,"dataId":1,"value":0},{"code":13,"dataId":4,"value":0.6},{"code":13,"dataId":12,"value":0.6},{"code":13,"dataId":17,"value":0.6}],"iconIndex":145,"name":"Guarda de Veneno","note":"","params":[0,0,0,1,0,0,0,0],"price":300},
{"id":89,"atypeId":1,"description":"[Acessório] Um anel que bloqueia completamente\nseu usuário dos status de envenenamento e paralisia.","etypeId":5,"traits":[{"code":22,"dataId":1,"value":0},{"code":14,"dataId":4,"value":1},{"code":14,"dataId":12,"value":1},{"code":14,"dataId":17,"value":1}],"iconIndex":145,"name":"Superguarda de Veneno","note":"","params":[0,0,0,5,0,0,0,0],"price":3000},
{"id":90,"atypeId":0,"description":"","etypeId":2,"traits":[{"code":22,"dataId":1,"value":0}],"iconIndex":0,"name":"","note":"","params":[0,0,0,0,0,0,0,0],"price":0},
{"id":91,"atypeId":1,"description":"[Acessório] Anel que ajuda a prevenir os status\nAdormecido, Silêncio, Confusão, Sedução e Fúria.","etypeId":5,"traits":[{"code":22,"dataId":1,"value":0},{"code":13,"dataId":6,"value":0.6},{"code":13,"dataId":7,"value":0.6},{"code":13,"dataId":9,"value":0.6},{"code":13,"dataId":10,"value":0.6},{"code":13,"dataId":8,"value":0.6}],"iconIndex":145,"name":"Guarda Mental","note":"","params":[0,0,0,1,0,0,0,0],"price":500},
{"id":92,"atypeId":1,"description":"[Acessório] Anel que protege o usuário dos status \n\nAdormecido, Silêncio, Confusão, Sedução e Fúria.","etypeId":5,"traits":[{"code":22,"dataId":1,"value":0},{"code":14,"dataId":6,"value":1},{"code":14,"dataId":8,"value":1},{"code":14,"dataId":7,"value":1},{"code":14,"dataId":9,"value":1},{"code":14,"dataId":10,"value":1}],"iconIndex":145,"name":"Superguarda Mental","note":"","params":[0,0,0,1,0,0,0,0],"price":5000},
{"id":93,"atypeId":0,"description":"","etypeId":2,"traits":[{"code":22,"dataId":1,"value":0}],"iconIndex":0,"name":"","note":"","params":[0,0,0,0,0,0,0,0],"price":0},
{"id":94,"atypeId":1,"description":"[Acessório] Aumenta a chance de realizar\num ataque antecipado.","etypeId":5,"traits":[{"code":22,"dataId":1,"value":0},{"code":64,"dataId":3,"value":1}],"iconIndex":147,"name":"Radar de Inimigos","note":"","params":[0,0,0,0,0,0,0,0],"price":1000},
{"id":95,"atypeId":1,"description":"[Acessório] Previne contra ataques surpresa.","etypeId":5,"traits":[{"code":22,"dataId":1,"value":0},{"code":64,"dataId":2,"value":1}],"iconIndex":205,"name":"Sino de Alerta","note":"","params":[0,0,0,0,0,0,0,0],"price":1000},
{"id":96,"atypeId":1,"description":"[Acessório] Permite que você continue com o mesmo PT\nna próxima batalha.","etypeId":5,"traits":[{"code":22,"dataId":1,"value":0},{"code":62,"dataId":3,"value":1}],"iconIndex":144,"name":"Armazenador","note":"","params":[0,0,0,0,0,0,0,0],"price":1000},
{"id":97,"atypeId":1,"description":"[Acessório] Aumenta a taxa de recuperação PT.","etypeId":5,"traits":[{"code":22,"dataId":1,"value":0},{"code":23,"dataId":5,"value":2}],"iconIndex":145,"name":"Anel de Brios","note":"","params":[0,0,0,0,0,0,0,0],"price":1000},
{"id":98,"atypeId":1,"description":"[Acessório] Reduz a taxa de custo PM.","etypeId":5,"traits":[{"code":22,"dataId":1,"value":0},{"code":23,"dataId":4,"value":0.5}],"iconIndex":144,"name":"Conservador de PM","note":"","params":[0,0,0,0,0,0,0,0],"price":1000},
{"id":99,"atypeId":1,"description":"[Acessório] Dano infligido por ataques de Fogo, Água, Vento\ne Terra é reduzido à metade.","etypeId":5,"traits":[{"code":22,"dataId":1,"value":0},{"code":11,"dataId":2,"value":0.5},{"code":11,"dataId":5,"value":0.5},{"code":11,"dataId":6,"value":0.5},{"code":11,"dataId":7,"value":0.5}],"iconIndex":145,"name":"Guarda Elemental","note":"","params":[0,0,0,0,0,0,0,0],"price":1000},
{"id":100,"atypeId":1,"description":"[Acessório] Aguça a visão e aumenta a taxa de acerto.","etypeId":5,"traits":[{"code":22,"dataId":1,"value":0},{"code":22,"dataId":0,"value":0.5}],"iconIndex":151,"name":"Óculos Inteligente","note":"","params":[0,5,0,0,10,0,0,0],"price":500}
]