[
null,
{"id":1,"actions":[{"skillId":172,"rating":5,"conditionType":0,"conditionParam1":0,"conditionParam2":0}],"battlerHue":0,"battlerName":"Goblin","dropItems":[{"dataId":1,"denominator":1,"kind":0},{"dataId":1,"denominator":1,"kind":0},{"dataId":1,"denominator":1,"kind":0}],"exp":0,"traits":[{"code":22,"dataId":0,"value":0.95},{"code":22,"dataId":1,"value":0.05},{"code":31,"dataId":1,"value":0}],"gold":5,"name":"Goblin","note":"","params":[1000,0,20,20,20,20,20,10]},
{"id":2,"actions":[{"conditionParam1":0,"conditionParam2":0,"conditionType":0,"rating":5,"skillId":1},{"skillId":23,"rating":3,"conditionType":1,"conditionParam1":0,"conditionParam2":2}],"battlerHue":0,"battlerName":"Gnome","dropItems":[{"dataId":1,"denominator":1,"kind":0},{"dataId":1,"denominator":1,"kind":0},{"dataId":1,"denominator":1,"kind":0}],"exp":10,"traits":[{"code":22,"dataId":0,"value":0.95},{"code":22,"dataId":1,"value":0.05},{"code":31,"dataId":1,"value":0}],"gold":8,"name":"Gnomo","note":"","params":[250,0,20,25,20,20,20,20]},
{"id":3,"actions":[{"conditionParam1":0,"conditionParam2":0,"conditionType":0,"rating":5,"skillId":1}],"battlerHue":0,"battlerName":"Crow","dropItems":[{"dataId":1,"denominator":1,"kind":0},{"dataId":1,"denominator":1,"kind":0},{"dataId":1,"denominator":1,"kind":0}],"exp":15,"traits":[{"code":22,"dataId":0,"value":0.95},{"code":22,"dataId":1,"value":0.1},{"code":31,"dataId":1,"value":0}],"gold":8,"name":"Corvo","note":"","params":[250,50,25,20,20,20,25,20]},
{"id":4,"actions":[{"conditionParam1":0,"conditionParam2":0,"conditionType":0,"rating":5,"skillId":1},{"skillId":52,"rating":4,"conditionType":2,"conditionParam1":0,"conditionParam2":0.3}],"battlerHue":0,"battlerName":"Treant","dropItems":[{"dataId":1,"denominator":1,"kind":0},{"dataId":1,"denominator":1,"kind":0},{"dataId":1,"denominator":1,"kind":0}],"exp":30,"traits":[{"code":22,"dataId":0,"value":0.95},{"code":22,"dataId":1,"value":0.05},{"code":31,"dataId":1,"value":0},{"code":11,"dataId":2,"value":2}],"gold":15,"name":"Treant","note":"","params":[500,50,30,20,30,30,30,30]},
{"id":5,"actions":[{"conditionParam1":0,"conditionParam2":0,"conditionType":0,"rating":5,"skillId":1},{"skillId":99,"rating":4,"conditionType":1,"conditionParam1":0,"conditionParam2":2},{"skillId":13,"rating":6,"conditionType":2,"conditionParam1":0,"conditionParam2":0.3}],"battlerHue":0,"battlerName":"Ketos","dropItems":[{"dataId":1,"denominator":1,"kind":0},{"dataId":1,"denominator":1,"kind":0},{"dataId":1,"denominator":1,"kind":0}],"exp":100,"traits":[{"code":22,"dataId":0,"value":0.95},{"code":22,"dataId":1,"value":0.05},{"code":31,"dataId":1,"value":0},{"code":63,"dataId":1,"value":1}],"gold":50,"name":"Hi_monstro","note":"","params":[1000,50,40,20,40,40,40,40]},
{"id":6,"actions":[{"skillId":1,"rating":5,"conditionType":0,"conditionParam1":0,"conditionParam2":0},{"skillId":14,"rating":3,"conditionType":0,"conditionParam1":0,"conditionParam2":0},{"skillId":20,"rating":1,"conditionType":0,"conditionParam1":0,"conditionParam2":0},{"skillId":42,"rating":5,"conditionType":1,"conditionParam1":2,"conditionParam2":2}],"battlerHue":0,"battlerName":"Actor2_6","dropItems":[{"dataId":1,"denominator":1,"kind":0},{"dataId":1,"denominator":1,"kind":0},{"dataId":1,"denominator":1,"kind":0}],"exp":1500,"traits":[{"code":22,"dataId":0,"value":0.95},{"code":22,"dataId":1,"value":0.05},{"code":31,"dataId":1,"value":0}],"gold":0,"name":"Olga, Cabeça de Bode","note":"","params":[500,100,80,80,20,20,100,50]},
{"id":7,"actions":[{"conditionParam1":0,"conditionParam2":0,"conditionType":0,"rating":5,"skillId":1},{"skillId":82,"rating":5,"conditionType":1,"conditionParam1":2,"conditionParam2":2},{"skillId":13,"rating":3,"conditionType":0,"conditionParam1":0,"conditionParam2":0}],"battlerHue":121,"battlerName":"Highking","dropItems":[{"dataId":1,"denominator":1,"kind":0},{"dataId":1,"denominator":1,"kind":0},{"dataId":1,"denominator":1,"kind":0}],"exp":200,"traits":[{"code":22,"dataId":0,"value":0.95},{"code":22,"dataId":1,"value":0.05},{"code":31,"dataId":1,"value":0}],"gold":0,"name":"Alfonso, A Pedra","note":"","params":[500,0,20,100,0,0,15,0]},
{"id":8,"actions":[{"conditionParam1":0,"conditionParam2":0,"conditionType":0,"rating":5,"skillId":1},{"skillId":24,"rating":5,"conditionType":1,"conditionParam1":2,"conditionParam2":2}],"battlerHue":303,"battlerName":"Highking","dropItems":[{"dataId":1,"denominator":1,"kind":0},{"dataId":1,"denominator":1,"kind":0},{"dataId":1,"denominator":1,"kind":0}],"exp":0,"traits":[{"code":22,"dataId":0,"value":0.95},{"code":22,"dataId":1,"value":0.05},{"code":31,"dataId":1,"value":0}],"gold":0,"name":"Astofo, O Violento","note":"","params":[500,0,120,30,0,0,15,30]},
{"id":9,"actions":[{"skillId":1,"rating":3,"conditionType":0,"conditionParam1":0,"conditionParam2":0},{"skillId":28,"rating":2,"conditionType":0,"conditionParam1":0,"conditionParam2":0},{"skillId":131,"rating":1,"conditionType":2,"conditionParam1":0,"conditionParam2":0.65},{"skillId":159,"rating":3,"conditionType":4,"conditionParam1":44,"conditionParam2":0},{"skillId":14,"rating":2,"conditionType":0,"conditionParam1":0,"conditionParam2":0}],"battlerHue":0,"battlerName":"Sandworm","dropItems":[{"kind":3,"dataId":87,"denominator":1},{"dataId":1,"denominator":1,"kind":0},{"dataId":1,"denominator":1,"kind":0}],"exp":0,"traits":[{"code":22,"dataId":0,"value":0.95},{"code":22,"dataId":1,"value":0.05},{"code":31,"dataId":1,"value":0},{"code":11,"dataId":4,"value":0.25},{"code":11,"dataId":6,"value":0.5},{"code":63,"dataId":1,"value":1},{"code":11,"dataId":5,"value":1.5}],"gold":0,"name":"Trenvik, Tremor Mortal","note":"","params":[2500,500,95,53,95,35,100,25]},
{"id":10,"actions":[{"skillId":1,"rating":5,"conditionType":0,"conditionParam1":0,"conditionParam2":0},{"skillId":125,"rating":5,"conditionType":1,"conditionParam1":2,"conditionParam2":3},{"skillId":22,"rating":4,"conditionType":0,"conditionParam1":0,"conditionParam2":0},{"skillId":138,"rating":4,"conditionType":0,"conditionParam1":0,"conditionParam2":0},{"skillId":20,"rating":5,"conditionType":2,"conditionParam1":0,"conditionParam2":0.65}],"battlerHue":0,"battlerName":"Ketos","dropItems":[{"kind":2,"dataId":50,"denominator":1},{"dataId":1,"denominator":1,"kind":0},{"dataId":1,"denominator":1,"kind":0}],"exp":0,"traits":[{"code":22,"dataId":0,"value":0.95},{"code":22,"dataId":1,"value":0.05},{"code":31,"dataId":1,"value":0},{"code":11,"dataId":2,"value":0.5},{"code":11,"dataId":5,"value":0.1},{"code":63,"dataId":1,"value":1},{"code":11,"dataId":4,"value":2}],"gold":0,"name":"Akalot, Mar Impuro","note":"","params":[2500,500,85,75,85,75,60,30]},
{"id":11,"actions":[{"skillId":5,"rating":5,"conditionType":0,"conditionParam1":0,"conditionParam2":0}],"battlerHue":325,"battlerName":"SF_Demon_of_universe","dropItems":[{"dataId":1,"denominator":1,"kind":0},{"dataId":1,"denominator":1,"kind":0},{"dataId":1,"denominator":1,"kind":0}],"exp":0,"traits":[{"code":22,"dataId":0,"value":0.95},{"code":22,"dataId":1,"value":0.05},{"code":31,"dataId":1,"value":0},{"code":11,"dataId":5,"value":0},{"code":11,"dataId":1,"value":0},{"code":11,"dataId":2,"value":0},{"code":11,"dataId":3,"value":0},{"code":11,"dataId":4,"value":0},{"code":11,"dataId":6,"value":0},{"code":11,"dataId":7,"value":0},{"code":11,"dataId":8,"value":0},{"code":11,"dataId":9,"value":0},{"code":61,"dataId":0,"value":1}],"gold":0,"name":"Arauto do Infinito","note":"","params":[5000,0,125,80,125,80,150,100]},
{"id":12,"actions":[{"skillId":1,"rating":4,"conditionType":0,"conditionParam1":0,"conditionParam2":0},{"skillId":24,"rating":5,"conditionType":0,"conditionParam1":0,"conditionParam2":0},{"skillId":14,"rating":5,"conditionType":0,"conditionParam1":0,"conditionParam2":0},{"skillId":36,"rating":5,"conditionType":0,"conditionParam1":0,"conditionParam2":0},{"skillId":199,"rating":5,"conditionType":0,"conditionParam1":0,"conditionParam2":0}],"battlerHue":0,"battlerName":"SF_Brownbear","dropItems":[{"kind":1,"dataId":2,"denominator":1},{"dataId":1,"denominator":1,"kind":0},{"dataId":1,"denominator":1,"kind":0}],"exp":0,"traits":[{"code":22,"dataId":0,"value":0.95},{"code":22,"dataId":1,"value":0.1},{"code":31,"dataId":1,"value":0},{"code":11,"dataId":4,"value":0.45},{"code":11,"dataId":9,"value":0.45},{"code":11,"dataId":8,"value":2.5},{"code":11,"dataId":6,"value":0.45}],"gold":0,"name":"Urso Sombrio","note":"","params":[4000,560,96,85,96,85,70,80]},
{"id":13,"actions":[{"skillId":1,"rating":3,"conditionType":0,"conditionParam1":0,"conditionParam2":0},{"skillId":30,"rating":5,"conditionType":0,"conditionParam1":0,"conditionParam2":0},{"skillId":38,"rating":5,"conditionType":0,"conditionParam1":0,"conditionParam2":0},{"skillId":34,"rating":5,"conditionType":0,"conditionParam1":0,"conditionParam2":0},{"skillId":144,"rating":5,"conditionType":0,"conditionParam1":0,"conditionParam2":0},{"skillId":17,"rating":5,"conditionType":0,"conditionParam1":0,"conditionParam2":0},{"skillId":189,"rating":5,"conditionType":0,"conditionParam1":0,"conditionParam2":0}],"battlerHue":325,"battlerName":"SF_Demon_of_universe","dropItems":[{"dataId":1,"denominator":1,"kind":0},{"dataId":1,"denominator":1,"kind":0},{"dataId":1,"denominator":1,"kind":0}],"exp":0,"traits":[{"code":22,"dataId":0,"value":0.95},{"code":31,"dataId":1,"value":0},{"code":11,"dataId":1,"value":0.75},{"code":11,"dataId":8,"value":0.75},{"code":11,"dataId":9,"value":0.65}],"gold":0,"name":"Arauto do Infinito","note":"","params":[5500,1900,151,81,145,81,85,50]},
{"id":14,"actions":[{"conditionParam1":0,"conditionParam2":0,"conditionType":0,"rating":5,"skillId":1}],"battlerHue":0,"battlerName":"","dropItems":[{"dataId":1,"denominator":1,"kind":0},{"dataId":1,"denominator":1,"kind":0},{"dataId":1,"denominator":1,"kind":0}],"exp":0,"traits":[{"code":22,"dataId":0,"value":0.95},{"code":22,"dataId":1,"value":0.05},{"code":31,"dataId":1,"value":0}],"gold":0,"name":"","note":"","params":[100,0,10,10,10,10,10,10]},
{"id":15,"actions":[{"conditionParam1":0,"conditionParam2":0,"conditionType":0,"rating":5,"skillId":1}],"battlerHue":0,"battlerName":"","dropItems":[{"dataId":1,"denominator":1,"kind":0},{"dataId":1,"denominator":1,"kind":0},{"dataId":1,"denominator":1,"kind":0}],"exp":0,"traits":[{"code":22,"dataId":0,"value":0.95},{"code":22,"dataId":1,"value":0.05},{"code":31,"dataId":1,"value":0}],"gold":0,"name":"","note":"","params":[100,0,10,10,10,10,10,10]},
{"id":16,"actions":[{"conditionParam1":0,"conditionParam2":0,"conditionType":0,"rating":5,"skillId":1}],"battlerHue":0,"battlerName":"","dropItems":[{"dataId":1,"denominator":1,"kind":0},{"dataId":1,"denominator":1,"kind":0},{"dataId":1,"denominator":1,"kind":0}],"exp":0,"traits":[{"code":22,"dataId":0,"value":0.95},{"code":22,"dataId":1,"value":0.05},{"code":31,"dataId":1,"value":0}],"gold":0,"name":"","note":"","params":[100,0,10,10,10,10,10,10]}
]