{
"autoplayBgm":true,"autoplayBgs":false,"battleback1Name":"","battleback2Name":"","bgm":{"name":"Castle1","pan":0,"pitch":100,"volume":10},"bgs":{"name":"","pan":0,"pitch":100,"volume":90},"disableDashing":false,"displayName":"Depósito","encounterList":[],"encounterStep":30,"height":10,"note":"","parallaxLoopX":false,"parallaxLoopY":false,"parallaxName":"","parallaxShow":true,"parallaxSx":0,"parallaxSy":0,"scrollType":0,"specifyBattleback":false,"tilesetId":3,"width":10,
"data":[6756,6780,6780,6780,6780,6780,6780,6780,6780,6760,6776,7138,7138,7138,7138,7138,7138,7138,7138,6768,6776,7144,7144,7144,7144,7144,7144,7144,7144,6768,6776,1553,1553,1553,1553,1553,1553,1553,1553,6768,6776,1553,1553,1553,1553,1553,1553,1553,1553,6768,6776,1553,1553,1553,1553,1553,1553,1553,1553,6768,6776,1553,1553,1553,1553,1553,1553,1553,1553,6768,6782,6785,6785,6797,1553,1553,6795,6785,6785,6781,7139,7138,7138,7142,1553,1553,7139,7138,7138,7142,7145,7144,7144,7148,1553,1553,7145,7144,7144,7148,0,0,0,0,0,0,0,0,0,0,0,0,0,0,0,0,0,0,0,0,0,0,0,0,0,0,0,0,0,0,0,0,0,0,0,0,0,0,0,0,0,0,0,0,0,0,0,0,0,0,0,0,0,0,0,0,0,0,0,0,0,0,0,0,0,0,0,0,0,0,0,0,0,0,0,0,0,0,0,0,0,0,0,0,0,0,0,0,0,0,0,0,0,0,0,0,0,0,0,0,0,0,0,0,0,0,0,0,0,0,0,0,0,0,0,0,0,0,0,0,0,0,0,0,0,0,0,0,0,0,0,0,0,0,0,0,0,248,0,0,0,241,208,0,0,0,0,193,184,0,0,0,0,0,0,0,0,0,0,0,0,0,0,0,0,0,0,0,0,0,0,0,0,0,0,0,0,0,0,0,0,0,0,0,0,0,0,0,0,0,0,0,0,0,0,0,0,0,0,0,0,0,0,0,0,0,0,0,0,0,0,0,0,0,0,0,0,0,0,0,0,0,0,0,0,0,0,0,0,0,0,233,240,209,0,0,248,249,232,0,0,242,242,208,0,208,192,226,227,0,0,250,250,243,0,0,0,234,235,0,0,224,225,251,0,0,0,0,0,0,0,0,0,0,0,0,0,0,0,0,0,0,0,0,0,0,0,0,0,0,0,0,0,0,0,0,0,0,0,0,0,0,0,0,0,0,0,0,0,0,0,0,0,0,0,0,0,0,0,0,0,0,0,0,0,0,0,0,0,0,0,5,0,0,0,0,0,0,0,0,0,5,0,0,0,0,0,0,0,0,0,5,0,0,0,0,0,0,0,0,0,5,0,0,0,0,0,0,0,0,0,0,0,0,0,0,0,0,0,0,0,0,0,0,5,0,0,0,0,0,0,0,0,0,5,0,0,0,0,0,0,0,0,0,0,0,0,0,0,0,0,0,0,0,0,0,0,0,0,0,0,0,0,0,0,0,0,0,0,0,0,0,0,0,0,0,0,0,0,0,0,0,0,0,0,0,0,0,0,0,0,0,0,0,0,0,0,0,0,0,0,0,0,0,0,0,0,0,0,0,0,0,0,0,0,0,0,0,0,0,0,0,0,0,0,0,0,0,0,0,0,0,0,0,0,0,0,0,0,0],
"events":[
null,
{"id":1,"name":"ConversarCaçador","note":"","pages":[{"conditions":{"actorId":1,"actorValid":false,"itemId":1,"itemValid":false,"selfSwitchCh":"A","selfSwitchValid":false,"switch1Id":1,"switch1Valid":false,"switch2Id":14,"switch2Valid":false,"variableId":1,"variableValid":false,"variableValue":0},"directionFix":false,"image":{"tileId":0,"characterName":"People2","direction":2,"pattern":0,"characterIndex":6},"list":[{"code":101,"indent":0,"parameters":["People2",6,1,2,""]},{"code":401,"indent":0,"parameters":["Olá garoto, Geraldo Hartman, Intendente da"]},{"code":401,"indent":0,"parameters":["cidade aqui e com quem tenho o prazer de falar?"]},{"code":102,"indent":0,"parameters":[["Edivaldo Terne Zarath, Príncipe das Máquinas","Desculpe, pessoa errada!!"],1,0,2,1]},{"code":402,"indent":0,"parameters":[0,"Edivaldo Terne Zarath, Príncipe das Máquinas"]},{"code":101,"indent":1,"parameters":["People2",6,1,2,""]},{"code":401,"indent":1,"parameters":["Olha só, estou falando com uma celebridade."]},{"code":401,"indent":1,"parameters":["Pois bem Edivaldo, no que o velho Geraldo pode "]},{"code":401,"indent":1,"parameters":["te ajudar?"]},{"code":101,"indent":1,"parameters":["SF_actor4",0,1,2,""]},{"code":401,"indent":1,"parameters":["Eu gostaria de uma permissão para a Floresta "]},{"code":401,"indent":1,"parameters":["das Trevas. Preciso encontrar um urso sombrio."]},{"code":101,"indent":1,"parameters":["People2",6,1,2,""]},{"code":401,"indent":1,"parameters":["Aí vi coragem. Não posso te dar a "]},{"code":401,"indent":1,"parameters":["permissão assim. Mas, se passar em uma prova"]},{"code":401,"indent":1,"parameters":["ela será sua."]},{"code":101,"indent":1,"parameters":["People2",6,1,2,""]},{"code":401,"indent":1,"parameters":["Para começar você deve falar com o robô: "]},{"code":401,"indent":1,"parameters":["esse negócio azul ali no canto. Se passar no"]},{"code":401,"indent":1,"parameters":["teste, dele o resto vai ser comigo."]},{"code":121,"indent":1,"parameters":[14,14,0]},{"code":355,"indent":1,"parameters":["SQSM.ShowDescriptionForQuest(\"geraldo\", 2)"]},{"code":655,"indent":1,"parameters":["SQSM.ShowTaskForQuest(\"geraldo\", 2)"]},{"code":655,"indent":1,"parameters":["SQSM.CompleteTaskForQuest(\"geraldo\", 1)"]},{"code":121,"indent":1,"parameters":[20,20,0]},{"code":121,"indent":1,"parameters":[21,21,1]},{"code":0,"indent":1,"parameters":[]},{"code":402,"indent":0,"parameters":[1,"Desculpe, Pessoa Errada"]},{"code":101,"indent":1,"parameters":["People2",6,1,2,""]},{"code":401,"indent":1,"parameters":["Ok...passar bem então."]},{"code":0,"indent":1,"parameters":[]},{"code":404,"indent":0,"parameters":[]},{"code":0,"indent":0,"parameters":[]}],"moveFrequency":1,"moveRoute":{"list":[{"code":0,"parameters":[]}],"repeat":true,"skippable":false,"wait":false},"moveSpeed":4,"moveType":0,"priorityType":1,"stepAnime":false,"through":false,"trigger":0,"walkAnime":true},{"conditions":{"actorId":1,"actorValid":false,"itemId":1,"itemValid":false,"selfSwitchCh":"A","selfSwitchValid":false,"switch1Id":1,"switch1Valid":false,"switch2Id":14,"switch2Valid":true,"variableId":1,"variableValid":false,"variableValue":0},"directionFix":false,"image":{"tileId":0,"characterName":"People2","direction":2,"pattern":0,"characterIndex":6},"list":[{"code":101,"indent":0,"parameters":["People2",6,1,2,""]},{"code":401,"indent":0,"parameters":["Primeiro o robô, depois a minha vez,"]},{"code":401,"indent":0,"parameters":["nada de colocar a caroça na frente dos bois."]},{"code":0,"indent":0,"parameters":[]}],"moveFrequency":3,"moveRoute":{"list":[{"code":0,"parameters":[]}],"repeat":true,"skippable":false,"wait":false},"moveSpeed":3,"moveType":0,"priorityType":1,"stepAnime":true,"through":false,"trigger":0,"walkAnime":false},{"conditions":{"actorId":1,"actorValid":false,"itemId":1,"itemValid":false,"selfSwitchCh":"A","selfSwitchValid":false,"switch1Id":1,"switch1Valid":false,"switch2Id":15,"switch2Valid":true,"variableId":1,"variableValid":false,"variableValue":0},"directionFix":false,"image":{"tileId":0,"characterName":"People2","direction":2,"pattern":0,"characterIndex":6},"list":[{"code":221,"indent":0,"parameters":[]},{"code":122,"indent":0,"parameters":[27,27,0,0,1]},{"code":117,"indent":0,"parameters":[32]},{"code":117,"indent":0,"parameters":[3]},{"code":117,"indent":0,"parameters":[4]},{"code":117,"indent":0,"parameters":[5]},{"code":117,"indent":0,"parameters":[20]},{"code":235,"indent":0,"parameters":[1]},{"code":101,"indent":0,"parameters":["People2",6,1,2,""]},{"code":401,"indent":0,"parameters":["Parabéns garoto, você aprende rápido, tem minha"]},{"code":401,"indent":0,"parameters":["permissão para entrar na Floresta das Trevas. E "]},{"code":401,"indent":0,"parameters":["você o que diz IPE ?"]},{"code":101,"indent":0,"parameters":["SF_Monster",4,1,2,""]},{"code":401,"indent":0,"parameters":["Ele é bom mesmo !!!"]},{"code":101,"indent":0,"parameters":["People2",6,1,2,""]},{"code":401,"indent":0,"parameters":["Bem neste caso, porque você não o acompanha"]},{"code":401,"indent":0,"parameters":["na Floresta ?"]},{"code":101,"indent":0,"parameters":["SF_Monster",4,1,2,""]},{"code":401,"indent":0,"parameters":["Queeee...OK... está bem.... mas só porque eu"]},{"code":401,"indent":0,"parameters":["queria passear."]},{"code":126,"indent":0,"parameters":[3,0,0,1]},{"code":126,"indent":0,"parameters":[4,0,0,1]},{"code":126,"indent":0,"parameters":[5,0,0,1]},{"code":122,"indent":0,"parameters":[21,21,0,0,0]},{"code":101,"indent":0,"parameters":["",0,1,1,""]},{"code":401,"indent":0,"parameters":["Você recebeu uma isca de mel \\I[276] e uma de carne \\I[272]"]},{"code":129,"indent":0,"parameters":[5,0,false]},{"code":121,"indent":0,"parameters":[16,16,0]},{"code":121,"indent":0,"parameters":[1,1,0]},{"code":122,"indent":0,"parameters":[21,21,0,0,0]},{"code":355,"indent":0,"parameters":["SQSM.CompleteTaskForQuest(\"geraldo\", 3)"]},{"code":655,"indent":0,"parameters":["SQSM.CompletQuest(\"geraldo\")"]},{"code":121,"indent":0,"parameters":[15,15,1]},{"code":121,"indent":0,"parameters":[20,20,0]},{"code":0,"indent":0,"parameters":[]}],"moveFrequency":3,"moveRoute":{"list":[{"code":0,"parameters":[]}],"repeat":true,"skippable":false,"wait":false},"moveSpeed":3,"moveType":0,"priorityType":1,"stepAnime":true,"through":false,"trigger":0,"walkAnime":false},{"conditions":{"actorId":1,"actorValid":false,"itemId":1,"itemValid":false,"selfSwitchCh":"A","selfSwitchValid":false,"switch1Id":1,"switch1Valid":true,"switch2Id":1,"switch2Valid":false,"variableId":1,"variableValid":false,"variableValue":0},"directionFix":false,"image":{"tileId":0,"characterName":"People2","direction":2,"pattern":0,"characterIndex":6},"list":[{"code":111,"indent":0,"parameters":[4,20,0]},{"code":101,"indent":1,"parameters":["People2",6,1,2,""]},{"code":401,"indent":1,"parameters":["E aí Victim, fez novos amigos, boa sorte "]},{"code":401,"indent":1,"parameters":["garotos, quando terminarem, vamos tomar uma e "]},{"code":401,"indent":1,"parameters":["vocês me contam tudo"]},{"code":0,"indent":1,"parameters":[]},{"code":411,"indent":0,"parameters":[]},{"code":101,"indent":1,"parameters":["People2",6,1,2,""]},{"code":401,"indent":1,"parameters":["Então como está sua empreitada ?"]},{"code":401,"indent":1,"parameters":["Caso encontre meu amigo Victim mande um oi para"]},{"code":401,"indent":1,"parameters":["ele."]},{"code":0,"indent":1,"parameters":[]},{"code":412,"indent":0,"parameters":[]},{"code":0,"indent":0,"parameters":[]}],"moveFrequency":3,"moveRoute":{"list":[{"code":0,"parameters":[]}],"repeat":true,"skippable":false,"wait":false},"moveSpeed":3,"moveType":0,"priorityType":1,"stepAnime":true,"through":false,"trigger":0,"walkAnime":false}],"x":5,"y":5},
{"id":2,"name":"EV002","note":"","pages":[{"conditions":{"actorId":1,"actorValid":false,"itemId":1,"itemValid":false,"selfSwitchCh":"A","selfSwitchValid":false,"switch1Id":1,"switch1Valid":false,"switch2Id":1,"switch2Valid":false,"variableId":1,"variableValid":false,"variableValue":0},"directionFix":true,"image":{"tileId":0,"characterName":"!Flame","direction":4,"pattern":1,"characterIndex":1},"list":[{"code":0,"indent":0,"parameters":[]}],"moveFrequency":3,"moveRoute":{"list":[{"code":0,"parameters":[]}],"repeat":true,"skippable":false,"wait":false},"moveSpeed":3,"moveType":0,"priorityType":1,"stepAnime":true,"through":false,"trigger":0,"walkAnime":true}],"x":3,"y":8},
{"id":3,"name":"EV003","note":"","pages":[{"conditions":{"actorId":1,"actorValid":false,"itemId":1,"itemValid":false,"selfSwitchCh":"A","selfSwitchValid":false,"switch1Id":1,"switch1Valid":false,"switch2Id":1,"switch2Valid":false,"variableId":1,"variableValid":false,"variableValue":0},"directionFix":true,"image":{"tileId":0,"characterName":"!Flame","direction":4,"pattern":1,"characterIndex":1},"list":[{"code":0,"indent":0,"parameters":[]}],"moveFrequency":3,"moveRoute":{"list":[{"code":0,"parameters":[]}],"repeat":true,"skippable":false,"wait":false},"moveSpeed":3,"moveType":0,"priorityType":1,"stepAnime":true,"through":false,"trigger":0,"walkAnime":true}],"x":6,"y":8},
{"id":4,"name":"EV004","note":"","pages":[{"conditions":{"actorId":1,"actorValid":false,"itemId":1,"itemValid":false,"selfSwitchCh":"A","selfSwitchValid":false,"switch1Id":1,"switch1Valid":false,"switch2Id":1,"switch2Valid":false,"variableId":1,"variableValid":false,"variableValue":0},"directionFix":false,"image":{"characterIndex":0,"characterName":"","direction":2,"pattern":0,"tileId":0},"list":[{"code":201,"indent":0,"parameters":[0,2,30,17,0,0]},{"code":121,"indent":0,"parameters":[41,41,0]},{"code":121,"indent":0,"parameters":[43,43,1]},{"code":121,"indent":0,"parameters":[42,42,1]},{"code":0,"indent":0,"parameters":[]}],"moveFrequency":3,"moveRoute":{"list":[{"code":0,"parameters":[]}],"repeat":true,"skippable":false,"wait":false},"moveSpeed":3,"moveType":0,"priorityType":0,"stepAnime":false,"through":false,"trigger":1,"walkAnime":true}],"x":4,"y":9},
{"id":5,"name":"EV005","note":"","pages":[{"conditions":{"actorId":1,"actorValid":false,"itemId":1,"itemValid":false,"selfSwitchCh":"A","selfSwitchValid":false,"switch1Id":1,"switch1Valid":false,"switch2Id":1,"switch2Valid":false,"variableId":1,"variableValid":false,"variableValue":0},"directionFix":false,"image":{"characterIndex":0,"characterName":"","direction":2,"pattern":0,"tileId":0},"list":[{"code":201,"indent":0,"parameters":[0,2,30,17,0,0]},{"code":357,"indent":0,"parameters":["KoTC Minimap Basic","EnableKoTCMinimap","Enable Minimap",{}]},{"code":121,"indent":0,"parameters":[41,41,0]},{"code":121,"indent":0,"parameters":[43,43,1]},{"code":121,"indent":0,"parameters":[42,42,1]},{"code":0,"indent":0,"parameters":[]}],"moveFrequency":3,"moveRoute":{"list":[{"code":0,"parameters":[]}],"repeat":true,"skippable":false,"wait":false},"moveSpeed":3,"moveType":0,"priorityType":0,"stepAnime":false,"through":false,"trigger":1,"walkAnime":true}],"x":5,"y":9},
{"id":6,"name":"IPE","note":"","pages":[{"conditions":{"actorId":1,"actorValid":false,"itemId":1,"itemValid":false,"selfSwitchCh":"A","selfSwitchValid":false,"switch1Id":1,"switch1Valid":false,"switch2Id":1,"switch2Valid":false,"variableId":1,"variableValid":false,"variableValue":0},"directionFix":false,"image":{"tileId":0,"characterName":"SF_Monster","direction":4,"pattern":0,"characterIndex":4},"list":[{"code":111,"indent":0,"parameters":[0,20,0]},{"code":122,"indent":1,"parameters":[26,26,0,0,1]},{"code":221,"indent":1,"parameters":[]},{"code":117,"indent":1,"parameters":[33]},{"code":117,"indent":1,"parameters":[1]},{"code":117,"indent":1,"parameters":[2]},{"code":117,"indent":1,"parameters":[34]},{"code":117,"indent":1,"parameters":[21]},{"code":117,"indent":1,"parameters":[22]},{"code":235,"indent":1,"parameters":[1]},{"code":101,"indent":1,"parameters":["SF_Monster",4,1,2,""]},{"code":401,"indent":1,"parameters":["Até que você é bom, vá conversar com o Geraldo."]},{"code":401,"indent":1,"parameters":["O resto do teste é com ele."]},{"code":355,"indent":1,"parameters":["SQSM.ShowDescriptionForQuest(\"geraldo\", 3)"]},{"code":655,"indent":1,"parameters":["SQSM.ShowTaskForQuest(\"geraldo\", 3)"]},{"code":655,"indent":1,"parameters":["SQSM.CompleteTaskForQuest(\"geraldo\", 2)"]},{"code":123,"indent":1,"parameters":["A",0]},{"code":121,"indent":1,"parameters":[14,14,1]},{"code":121,"indent":1,"parameters":[15,15,0]},{"code":121,"indent":1,"parameters":[21,21,0]},{"code":121,"indent":1,"parameters":[20,20,1]},{"code":0,"indent":1,"parameters":[]},{"code":411,"indent":0,"parameters":[]},{"code":101,"indent":1,"parameters":["SF_Monster",4,1,2,""]},{"code":401,"indent":1,"parameters":["..."]},{"code":0,"indent":1,"parameters":[]},{"code":412,"indent":0,"parameters":[]},{"code":0,"indent":0,"parameters":[]}],"moveFrequency":3,"moveRoute":{"list":[{"code":0,"parameters":[]}],"repeat":true,"skippable":false,"wait":false},"moveSpeed":3,"moveType":0,"priorityType":1,"stepAnime":false,"through":false,"trigger":0,"walkAnime":true},{"conditions":{"actorId":1,"actorValid":false,"itemId":1,"itemValid":false,"selfSwitchCh":"A","selfSwitchValid":true,"switch1Id":1,"switch1Valid":false,"switch2Id":1,"switch2Valid":false,"variableId":1,"variableValid":false,"variableValue":0},"directionFix":false,"image":{"tileId":0,"characterName":"SF_Monster","direction":6,"pattern":2,"characterIndex":4},"list":[{"code":0,"indent":0,"parameters":[]}],"moveFrequency":3,"moveRoute":{"list":[{"code":0,"parameters":[]}],"repeat":true,"skippable":false,"wait":false},"moveSpeed":3,"moveType":0,"priorityType":1,"stepAnime":false,"through":false,"trigger":0,"walkAnime":true},{"conditions":{"actorId":1,"actorValid":false,"itemId":1,"itemValid":false,"selfSwitchCh":"A","selfSwitchValid":false,"switch1Id":1,"switch1Valid":false,"switch2Id":16,"switch2Valid":true,"variableId":1,"variableValid":false,"variableValue":0},"directionFix":false,"image":{"characterIndex":0,"characterName":"","direction":2,"pattern":0,"tileId":0},"list":[{"code":0,"indent":0,"parameters":[]}],"moveFrequency":3,"moveRoute":{"list":[{"code":0,"parameters":[]}],"repeat":true,"skippable":false,"wait":false},"moveSpeed":3,"moveType":0,"priorityType":0,"stepAnime":false,"through":false,"trigger":0,"walkAnime":true}],"x":8,"y":6},
{"id":7,"name":"EV007","note":"","pages":[{"conditions":{"actorId":1,"actorValid":false,"itemId":1,"itemValid":false,"selfSwitchCh":"A","selfSwitchValid":false,"switch1Id":1,"switch1Valid":false,"switch2Id":1,"switch2Valid":false,"variableId":1,"variableValid":false,"variableValue":0},"directionFix":false,"image":{"tileId":0,"characterName":"!Chest","direction":2,"pattern":0,"characterIndex":6},"list":[{"code":126,"indent":0,"parameters":[7,0,0,2]},{"code":101,"indent":0,"parameters":["",0,2,1,""]},{"code":401,"indent":0,"parameters":["Você recebeu duas \\I[176] poções de cura!"]},{"code":123,"indent":0,"parameters":["A",0]},{"code":0,"indent":0,"parameters":[]}],"moveFrequency":3,"moveRoute":{"list":[{"code":0,"parameters":[]}],"repeat":true,"skippable":false,"wait":false},"moveSpeed":3,"moveType":0,"priorityType":1,"stepAnime":false,"through":false,"trigger":0,"walkAnime":true},{"conditions":{"actorId":1,"actorValid":false,"itemId":1,"itemValid":false,"selfSwitchCh":"A","selfSwitchValid":true,"switch1Id":1,"switch1Valid":false,"switch2Id":1,"switch2Valid":false,"variableId":1,"variableValid":false,"variableValue":0},"directionFix":false,"image":{"tileId":0,"characterName":"!Chest","direction":8,"pattern":2,"characterIndex":7},"list":[{"code":0,"indent":0,"parameters":[]}],"moveFrequency":3,"moveRoute":{"list":[{"code":0,"parameters":[]}],"repeat":true,"skippable":false,"wait":false},"moveSpeed":3,"moveType":0,"priorityType":1,"stepAnime":false,"through":false,"trigger":0,"walkAnime":true}],"x":4,"y":3},
{"id":8,"name":"EV008","note":"","pages":[{"conditions":{"actorId":1,"actorValid":false,"itemId":1,"itemValid":false,"selfSwitchCh":"A","selfSwitchValid":false,"switch1Id":1,"switch1Valid":false,"switch2Id":1,"switch2Valid":false,"variableId":1,"variableValid":false,"variableValue":0},"directionFix":false,"image":{"characterIndex":0,"characterName":"","direction":2,"pattern":0,"tileId":0},"list":[{"code":213,"indent":0,"parameters":[1,1,true]},{"code":0,"indent":0,"parameters":[]}],"moveFrequency":3,"moveRoute":{"list":[{"code":0,"parameters":[]}],"repeat":true,"skippable":false,"wait":false},"moveSpeed":3,"moveType":0,"priorityType":0,"stepAnime":false,"through":false,"trigger":4,"walkAnime":true},{"conditions":{"actorId":1,"actorValid":false,"itemId":1,"itemValid":false,"selfSwitchCh":"A","selfSwitchValid":false,"switch1Id":20,"switch1Valid":true,"switch2Id":1,"switch2Valid":false,"variableId":1,"variableValid":false,"variableValue":0},"directionFix":false,"image":{"characterIndex":0,"characterName":"","direction":2,"pattern":0,"tileId":0},"list":[{"code":0,"indent":0,"parameters":[]}],"moveFrequency":3,"moveRoute":{"list":[{"code":0,"parameters":[]}],"repeat":true,"skippable":false,"wait":false},"moveSpeed":3,"moveType":0,"priorityType":0,"stepAnime":false,"through":false,"trigger":0,"walkAnime":true}],"x":9,"y":9},
{"id":9,"name":"EV009","note":"","pages":[{"conditions":{"actorId":1,"actorValid":false,"itemId":1,"itemValid":false,"selfSwitchCh":"A","selfSwitchValid":false,"switch1Id":1,"switch1Valid":false,"switch2Id":1,"switch2Valid":false,"variableId":1,"variableValid":false,"variableValue":0},"directionFix":false,"image":{"characterIndex":0,"characterName":"","direction":2,"pattern":0,"tileId":0},"list":[{"code":213,"indent":0,"parameters":[6,1,true]},{"code":0,"indent":0,"parameters":[]}],"moveFrequency":3,"moveRoute":{"list":[{"code":0,"parameters":[]}],"repeat":true,"skippable":false,"wait":false},"moveSpeed":3,"moveType":0,"priorityType":0,"stepAnime":false,"through":false,"trigger":4,"walkAnime":true},{"conditions":{"actorId":1,"actorValid":false,"itemId":1,"itemValid":false,"selfSwitchCh":"A","selfSwitchValid":false,"switch1Id":21,"switch1Valid":true,"switch2Id":1,"switch2Valid":false,"variableId":1,"variableValid":false,"variableValue":0},"directionFix":false,"image":{"characterIndex":0,"characterName":"","direction":2,"pattern":0,"tileId":0},"list":[{"code":0,"indent":0,"parameters":[]}],"moveFrequency":3,"moveRoute":{"list":[{"code":0,"parameters":[]}],"repeat":true,"skippable":false,"wait":false},"moveSpeed":3,"moveType":0,"priorityType":0,"stepAnime":false,"through":false,"trigger":0,"walkAnime":true}],"x":8,"y":9}
]
}