[
null,
{"id":1,"expanded":false,"name":"intendente","order":7,"parentId":0,"scrollX":973.1999999999999,"scrollY":553.8},
{"id":2,"expanded":true,"name":"Miriadin","order":1,"parentId":0,"scrollX":973.1999999999999,"scrollY":1225.8},
{"id":3,"expanded":false,"name":"Taverna","order":8,"parentId":0,"scrollX":973.1999999999999,"scrollY":553.8},
{"id":4,"expanded":false,"name":"Vila de Ram","order":2,"parentId":0,"scrollX":982.8,"scrollY":646.1999999999999},
null,
{"id":6,"expanded":true,"name":"Floresta da Vida","order":3,"parentId":0,"scrollX":982.8,"scrollY":886.1999999999999},
{"id":7,"expanded":false,"name":"Inicio","order":5,"parentId":0,"scrollX":973.1999999999999,"scrollY":553.8},
{"id":8,"expanded":true,"name":"Floresta das Trevas Corrompida","order":4,"parentId":0,"scrollX":973.1999999999999,"scrollY":553.8},
{"id":9,"expanded":true,"name":"Local Ritual","order":9,"parentId":0,"scrollX":811,"scrollY":461.5},
{"id":10,"expanded":false,"name":"fundoPreto","order":6,"parentId":0,"scrollX":973.1999999999999,"scrollY":553.8}
]