[
null,
{"id":1,"members":[{"enemyId":1,"x":294,"y":444,"hidden":false},{"enemyId":1,"x":140,"y":227,"hidden":false}],"name":"Goblin*2","pages":[{"conditions":{"actorHp":50,"actorId":1,"actorValid":false,"enemyHp":50,"enemyIndex":0,"enemyValid":false,"switchId":1,"switchValid":false,"turnA":0,"turnB":0,"turnEnding":false,"turnValid":false},"list":[{"code":0,"indent":0,"parameters":[]}],"span":0}]},
{"id":2,"members":[{"enemyId":2,"x":298,"y":444,"hidden":false},{"enemyId":2,"x":170,"y":245,"hidden":false}],"name":"Gnomo*2","pages":[{"conditions":{"actorHp":50,"actorId":1,"actorValid":false,"enemyHp":50,"enemyIndex":0,"enemyValid":false,"switchId":1,"switchValid":false,"turnA":0,"turnB":0,"turnEnding":false,"turnValid":false},"list":[{"code":0,"indent":0,"parameters":[]}],"span":0}]},
{"id":3,"members":[{"enemyId":3,"x":337,"y":436,"hidden":false},{"enemyId":3,"x":342,"y":284,"hidden":false}],"name":"Corvo*2","pages":[{"conditions":{"actorHp":50,"actorId":1,"actorValid":false,"enemyHp":50,"enemyIndex":0,"enemyValid":false,"switchId":1,"switchValid":false,"turnA":0,"turnB":0,"turnEnding":false,"turnValid":false},"list":[{"code":0,"indent":0,"parameters":[]}],"span":0}]},
{"id":4,"members":[{"enemyId":4,"x":193,"y":352,"hidden":false}],"name":"Treant","pages":[{"conditions":{"actorHp":50,"actorId":1,"actorValid":false,"enemyHp":50,"enemyIndex":0,"enemyValid":false,"switchId":1,"switchValid":false,"turnA":0,"turnB":0,"turnEnding":false,"turnValid":false},"list":[{"code":0,"indent":0,"parameters":[]}],"span":0}]},
{"id":5,"members":[{"enemyId":5,"x":226,"y":340,"hidden":false}],"name":"Hi_monstro","pages":[{"conditions":{"actorHp":50,"actorId":1,"actorValid":false,"enemyHp":50,"enemyIndex":0,"enemyValid":false,"switchId":1,"switchValid":false,"turnA":0,"turnB":0,"turnEnding":false,"turnValid":false},"list":[{"code":0,"indent":0,"parameters":[]}],"span":0}]},
{"id":6,"members":[{"enemyId":6,"x":281,"y":423,"hidden":false}],"name":"Olga","pages":[{"conditions":{"actorHp":50,"actorId":1,"actorValid":false,"enemyHp":50,"enemyIndex":0,"enemyValid":false,"switchId":1,"switchValid":false,"turnA":0,"turnB":0,"turnEnding":false,"turnValid":false},"list":[{"code":0,"indent":0,"parameters":[]}],"span":0}]},
{"id":7,"members":[{"enemyId":7,"x":405,"y":352,"hidden":false}],"name":"Alfonso","pages":[{"conditions":{"actorHp":50,"actorId":1,"actorValid":false,"enemyHp":50,"enemyIndex":0,"enemyValid":false,"switchId":1,"switchValid":false,"turnA":0,"turnB":0,"turnEnding":false,"turnValid":false},"list":[{"code":0,"indent":0,"parameters":[]}],"span":0}]},
{"id":8,"members":[{"enemyId":8,"x":408,"y":436,"hidden":false}],"name":"Astofo","pages":[{"conditions":{"actorHp":50,"actorId":1,"actorValid":false,"enemyHp":50,"enemyIndex":0,"enemyValid":false,"switchId":1,"switchValid":false,"turnA":0,"turnB":0,"turnEnding":false,"turnValid":false},"list":[{"code":0,"indent":0,"parameters":[]}],"span":0}]},
{"id":9,"members":[{"enemyId":9,"x":151,"y":346,"hidden":false}],"name":"Guardião da Terra","pages":[{"conditions":{"actorHp":50,"actorId":1,"actorValid":false,"enemyHp":50,"enemyIndex":0,"enemyValid":false,"switchId":7,"switchValid":true,"turnA":0,"turnB":0,"turnEnding":false,"turnValid":false},"list":[{"code":333,"indent":0,"parameters":[-1,0,49]},{"code":311,"indent":0,"parameters":[0,0,0,0,350,false]},{"code":0,"indent":0,"parameters":[]}],"span":0}]},
{"id":10,"members":[{"enemyId":10,"x":153,"y":357,"hidden":false}],"name":"Guardião da Água","pages":[{"conditions":{"actorHp":50,"actorId":1,"actorValid":false,"enemyHp":90,"enemyIndex":0,"enemyValid":false,"switchId":4,"switchValid":true,"turnA":0,"turnB":0,"turnEnding":false,"turnValid":false},"list":[{"code":333,"indent":0,"parameters":[-1,0,50]},{"code":311,"indent":0,"parameters":[0,0,0,0,350,false]},{"code":0,"indent":0,"parameters":[]}],"span":0}]},
{"id":11,"members":[{"enemyId":12,"x":219,"y":360,"hidden":false}],"name":"Urso Sombrio","pages":[{"conditions":{"actorHp":50,"actorId":1,"actorValid":false,"enemyHp":50,"enemyIndex":0,"enemyValid":false,"switchId":10,"switchValid":true,"turnA":1,"turnB":0,"turnEnding":false,"turnValid":false},"list":[{"code":333,"indent":0,"parameters":[-1,0,31]},{"code":311,"indent":0,"parameters":[0,0,0,0,350,false]},{"code":111,"indent":0,"parameters":[0,8,0]},{"code":333,"indent":1,"parameters":[-1,0,10]},{"code":0,"indent":1,"parameters":[]},{"code":411,"indent":0,"parameters":[]},{"code":333,"indent":1,"parameters":[-1,0,23]},{"code":333,"indent":1,"parameters":[-1,0,15]},{"code":333,"indent":1,"parameters":[-1,0,28]},{"code":0,"indent":1,"parameters":[]},{"code":412,"indent":0,"parameters":[]},{"code":0,"indent":0,"parameters":[]}],"span":0}]},
{"id":12,"members":[{"enemyId":11,"x":226,"y":379,"hidden":false}],"name":"Arauto do Infinito","pages":[{"conditions":{"actorHp":50,"actorId":1,"actorValid":false,"enemyHp":50,"enemyIndex":0,"enemyValid":false,"switchId":5,"switchValid":true,"turnA":0,"turnB":0,"turnEnding":false,"turnValid":false},"list":[{"code":333,"indent":0,"parameters":[-1,0,48]},{"code":0,"indent":0,"parameters":[]}],"span":0}]},
{"id":13,"members":[{"enemyId":13,"x":205,"y":394,"hidden":false}],"name":"Arauto do Infinito 2","pages":[{"conditions":{"actorHp":50,"actorId":1,"actorValid":false,"enemyHp":50,"enemyIndex":0,"enemyValid":false,"switchId":5,"switchValid":true,"turnA":0,"turnB":0,"turnEnding":false,"turnValid":false},"list":[{"code":333,"indent":0,"parameters":[-1,0,48]},{"code":311,"indent":0,"parameters":[0,0,0,0,350,false]},{"code":0,"indent":0,"parameters":[]}],"span":0}]},
{"id":14,"members":[{"enemyId":1,"x":339,"y":331,"hidden":false}],"name":"Goblin","pages":[{"conditions":{"actorHp":50,"actorId":1,"actorValid":false,"enemyHp":50,"enemyIndex":0,"enemyValid":false,"switchId":25,"switchValid":true,"turnA":0,"turnB":0,"turnEnding":false,"turnValid":false},"list":[{"code":101,"indent":0,"parameters":["Evil",5,1,2,""]},{"code":401,"indent":0,"parameters":["Olá, me chamo Xis, estou aqui para ensinar "]},{"code":401,"indent":0,"parameters":["sobre o básico do combate."]},{"code":101,"indent":0,"parameters":["Evil",5,1,2,""]},{"code":401,"indent":0,"parameters":["Em geral, existem duas opções no combate, uma é "]},{"code":401,"indent":0,"parameters":["lutar e a outra quando disponível fugir."]},{"code":101,"indent":0,"parameters":["Evil",5,1,2,""]},{"code":401,"indent":0,"parameters":["Ao lutar você pode usar itens, Ataque básico, "]},{"code":401,"indent":0,"parameters":["Mágica ou Defender."]},{"code":101,"indent":0,"parameters":["Evil",5,1,2,""]},{"code":401,"indent":0,"parameters":["Durante uma luta os turnos serão definidos pela "]},{"code":401,"indent":0,"parameters":["stamina, calculada a partir da agilidade do "]},{"code":401,"indent":0,"parameters":["personagem. Você pode vê-la através da barra "]},{"code":401,"indent":0,"parameters":["lateral ou pela barra na imagem do personagem, "]},{"code":101,"indent":0,"parameters":["Evil",5,1,2,""]},{"code":401,"indent":0,"parameters":["elas aumentam a cada turno e quando atingirem "]},{"code":401,"indent":0,"parameters":["o máximo, o personagem ou inimigo irá "]},{"code":401,"indent":0,"parameters":["agir."]},{"code":101,"indent":0,"parameters":["Evil",5,1,2,""]},{"code":401,"indent":0,"parameters":["Agora permitirei que experimente enfrentar um "]},{"code":401,"indent":0,"parameters":["goblin, explicarei cada uma de suas ações."]},{"code":0,"indent":0,"parameters":[]}],"span":0}]},
{"id":15,"members":[],"name":"","pages":[{"conditions":{"actorHp":50,"actorId":1,"actorValid":false,"enemyHp":50,"enemyIndex":0,"enemyValid":false,"switchId":1,"switchValid":false,"turnA":0,"turnB":0,"turnEnding":false,"turnValid":false},"list":[{"code":0,"indent":0,"parameters":[]}],"span":0}]},
{"id":16,"members":[],"name":"","pages":[{"conditions":{"actorHp":50,"actorId":1,"actorValid":false,"enemyHp":50,"enemyIndex":0,"enemyValid":false,"switchId":1,"switchValid":false,"turnA":0,"turnB":0,"turnEnding":false,"turnValid":false},"list":[{"code":0,"indent":0,"parameters":[]}],"span":0}]},
{"id":17,"members":[],"name":"","pages":[{"conditions":{"actorHp":50,"actorId":1,"actorValid":false,"enemyHp":50,"enemyIndex":0,"enemyValid":false,"switchId":1,"switchValid":false,"turnA":0,"turnB":0,"turnEnding":false,"turnValid":false},"list":[{"code":0,"indent":0,"parameters":[]}],"span":0}]},
{"id":18,"members":[],"name":"","pages":[{"conditions":{"actorHp":50,"actorId":1,"actorValid":false,"enemyHp":50,"enemyIndex":0,"enemyValid":false,"switchId":1,"switchValid":false,"turnA":0,"turnB":0,"turnEnding":false,"turnValid":false},"list":[{"code":0,"indent":0,"parameters":[]}],"span":0}]},
{"id":19,"members":[],"name":"","pages":[{"conditions":{"actorHp":50,"actorId":1,"actorValid":false,"enemyHp":50,"enemyIndex":0,"enemyValid":false,"switchId":1,"switchValid":false,"turnA":0,"turnB":0,"turnEnding":false,"turnValid":false},"list":[{"code":0,"indent":0,"parameters":[]}],"span":0}]},
{"id":20,"members":[],"name":"","pages":[{"conditions":{"actorHp":50,"actorId":1,"actorValid":false,"enemyHp":50,"enemyIndex":0,"enemyValid":false,"switchId":1,"switchValid":false,"turnA":0,"turnB":0,"turnEnding":false,"turnValid":false},"list":[{"code":0,"indent":0,"parameters":[]}],"span":0}]}
]