[
null,
{"id":1,"animationId":6,"description":"[Espada] Uma espada de lâmina curta que é leve e\nfácil de manusear.","etypeId":1,"traits":[{"code":31,"dataId":1,"value":0},{"code":22,"dataId":0,"value":0}],"iconIndex":97,"name":"Espada Curta","note":"","params":[0,0,8,0,0,0,0,0],"price":300,"wtypeId":2},
{"id":2,"animationId":6,"description":"[Espada] Uma espada longa de batalha que conta com\num corte afiado.","etypeId":1,"traits":[{"code":31,"dataId":1,"value":0},{"code":22,"dataId":0,"value":0}],"iconIndex":97,"name":"Espada Longa","note":"","params":[0,0,12,0,0,0,0,0],"price":670,"wtypeId":2},
{"id":3,"animationId":6,"description":"[Espada] Uma espada larga com uma lâmina curva.","etypeId":1,"traits":[{"code":31,"dataId":1,"value":0},{"code":22,"dataId":0,"value":0}],"iconIndex":97,"name":"Falchion","note":"","params":[0,0,18,0,0,0,0,0],"price":1480,"wtypeId":2},
{"id":4,"animationId":6,"description":"[Espada] Uma espada longa forjada com mithril.","etypeId":1,"traits":[{"code":31,"dataId":1,"value":0},{"code":22,"dataId":0,"value":0}],"iconIndex":97,"name":"Espada de Mithril","note":"","params":[0,0,25,0,0,0,0,0],"price":3890,"wtypeId":2},
{"id":5,"animationId":6,"description":"[Espada] Uma espada forjada com presas de dragão.","etypeId":1,"traits":[{"code":31,"dataId":1,"value":0},{"code":22,"dataId":0,"value":0}],"iconIndex":97,"name":"Lâmina de Dragão","note":"","params":[0,0,36,0,0,0,0,0],"price":6970,"wtypeId":2},
{"id":6,"animationId":0,"description":"","etypeId":1,"traits":[{"code":31,"dataId":1,"value":0},{"code":22,"dataId":0,"value":0}],"iconIndex":0,"name":"","note":"","params":[0,0,0,0,0,0,0,0],"price":0,"wtypeId":0},
{"id":7,"animationId":1,"description":"[Cajado] Um cajado de baixo custo e de uso bastante \ndifundido.","etypeId":1,"traits":[{"code":31,"dataId":1,"value":0},{"code":22,"dataId":0,"value":0}],"iconIndex":101,"name":"Cajado de Madeira","note":"","params":[0,0,2,0,8,3,0,0],"price":280,"wtypeId":6},
{"id":8,"animationId":1,"description":"[Cajado] Uma varinha que aumenta levemente\nos poderes mágicos do portador.","etypeId":1,"traits":[{"code":31,"dataId":1,"value":0},{"code":22,"dataId":0,"value":0}],"iconIndex":101,"name":"Varinha Mágica","note":"","params":[0,0,3,0,12,6,0,0],"price":780,"wtypeId":6},
{"id":9,"animationId":1,"description":"[Cajado] Uma varinha de prata que aumenta\nos poderes mágicos do portador.","etypeId":1,"traits":[{"code":31,"dataId":1,"value":0},{"code":22,"dataId":0,"value":0}],"iconIndex":101,"name":"Varinha Vigorante","note":"","params":[0,0,5,0,21,12,0,0],"price":1680,"wtypeId":6},
{"id":10,"animationId":1,"description":"[Cajado] Um bastão de mithril que aumenta\nos poderes mágicos do portador.","etypeId":1,"traits":[{"code":31,"dataId":1,"value":0},{"code":22,"dataId":0,"value":0}],"iconIndex":101,"name":"Bastão de Mithril","note":"","params":[0,0,12,0,32,24,0,0],"price":4120,"wtypeId":6},
{"id":11,"animationId":1,"description":"[Cajado] Um cajado de dragão que aumenta\nos poderes mágicos do portador.","etypeId":1,"traits":[{"code":31,"dataId":1,"value":0},{"code":22,"dataId":0,"value":0}],"iconIndex":101,"name":"Cajado de Dragão","note":"","params":[0,0,18,0,45,52,0,0],"price":7680,"wtypeId":6},
{"id":12,"animationId":0,"description":"","etypeId":1,"traits":[{"code":31,"dataId":1,"value":0},{"code":22,"dataId":0,"value":0}],"iconIndex":0,"name":"","note":"","params":[0,0,0,0,0,0,0,0],"price":0,"wtypeId":0},
{"id":13,"animationId":1,"description":"[Malho] Um malho com uma cabeça de pedra anexada\na seu cabo por uma corrente.","etypeId":1,"traits":[{"code":31,"dataId":1,"value":0},{"code":22,"dataId":0,"value":0}],"iconIndex":98,"name":"Malho de Pedra","note":"","params":[0,0,7,0,0,0,0,0],"price":360,"wtypeId":3},
{"id":14,"animationId":1,"description":"[Malho] Um malho com uma cabeça de bronze anexada\na seu cabo por uma corrente.","etypeId":1,"traits":[{"code":31,"dataId":1,"value":0},{"code":22,"dataId":0,"value":0}],"iconIndex":98,"name":"Malho de Bronze","note":"","params":[0,0,12,0,0,0,0,0],"price":680,"wtypeId":3},
{"id":15,"animationId":1,"description":"[Malho] Um malho fortificado com aço.","etypeId":1,"traits":[{"code":31,"dataId":1,"value":0},{"code":22,"dataId":0,"value":0}],"iconIndex":98,"name":"Estrela da Manhã","note":"","params":[0,0,18,0,0,0,0,0],"price":1460,"wtypeId":3},
{"id":16,"animationId":1,"description":"[Malho] Um malho fortificado com mithril.","etypeId":1,"traits":[{"code":31,"dataId":1,"value":0},{"code":22,"dataId":0,"value":0}],"iconIndex":98,"name":"Malho de Mithril","note":"","params":[0,0,23,0,0,0,0,0],"price":2980,"wtypeId":3},
{"id":17,"animationId":1,"description":"[Malho] Um malho fortificado com presas de dragão.","etypeId":1,"traits":[{"code":31,"dataId":1,"value":0},{"code":22,"dataId":0,"value":0}],"iconIndex":98,"name":"Malho de Dragão","note":"","params":[0,0,29,0,0,0,0,0],"price":6180,"wtypeId":3},
{"id":18,"animationId":0,"description":"","etypeId":1,"traits":[{"code":31,"dataId":1,"value":0},{"code":22,"dataId":0,"value":0}],"iconIndex":0,"name":"","note":"","params":[0,0,0,0,0,0,0,0],"price":0,"wtypeId":0},
{"id":19,"animationId":6,"description":"[Machado] Pequeno machado usado para cortar madeira.","etypeId":1,"traits":[{"code":31,"dataId":1,"value":0},{"code":22,"dataId":0,"value":0}],"iconIndex":99,"name":"Machadinha","note":"","params":[0,0,10,0,0,0,0,0],"price":480,"wtypeId":4},
{"id":20,"animationId":6,"description":"[Machado] Um machado de dois gumes feita para combate.","etypeId":1,"traits":[{"code":31,"dataId":1,"value":0},{"code":22,"dataId":0,"value":0}],"iconIndex":99,"name":"Machado de Batalha","note":"","params":[0,0,18,0,0,0,0,0],"price":980,"wtypeId":4},
{"id":21,"animationId":6,"description":"[Machado] Um machado de combate com uma lâmina\n em forma de lua crescente.","etypeId":1,"traits":[{"code":31,"dataId":1,"value":0},{"code":22,"dataId":0,"value":0}],"iconIndex":99,"name":"Bardiche","note":"","params":[0,0,25,0,0,0,0,0],"price":2180,"wtypeId":4},
{"id":22,"animationId":6,"description":"[Machado] Um machado de combate forjado com mithril.","etypeId":1,"traits":[{"code":31,"dataId":1,"value":0},{"code":22,"dataId":0,"value":0}],"iconIndex":99,"name":"Machado de Mithril","note":"","params":[0,0,32,0,0,0,0,0],"price":4500,"wtypeId":4},
{"id":23,"animationId":6,"description":"[Machado] Um machado de combate forjado com \npresas de dragão.","etypeId":1,"traits":[{"code":31,"dataId":1,"value":0},{"code":22,"dataId":0,"value":0}],"iconIndex":99,"name":"Machado de Dragão","note":"","params":[0,0,45,0,0,0,0,0],"price":9600,"wtypeId":4},
{"id":24,"animationId":0,"description":"","etypeId":1,"traits":[{"code":31,"dataId":1,"value":0},{"code":22,"dataId":0,"value":0}],"iconIndex":0,"name":"","note":"","params":[0,0,0,0,0,0,0,0],"price":0,"wtypeId":0},
{"id":25,"animationId":11,"description":"[Lança] Uma lança curta usada especificamente\npara estocadas.","etypeId":1,"traits":[{"code":31,"dataId":1,"value":0},{"code":22,"dataId":0,"value":0}],"iconIndex":107,"name":"Lança Curta","note":"","params":[0,0,6,0,0,0,0,0],"price":320,"wtypeId":12},
{"id":26,"animationId":11,"description":"[Lança] Uma lança com o cabo mais longo possível.","etypeId":1,"traits":[{"code":31,"dataId":1,"value":0},{"code":22,"dataId":0,"value":0}],"iconIndex":107,"name":"Lança Longa","note":"","params":[0,0,12,0,0,0,0,0],"price":890,"wtypeId":12},
{"id":27,"animationId":11,"description":"[Lança] Uma lança com uma cabeça de machado na ponta.","etypeId":1,"traits":[{"code":31,"dataId":1,"value":0},{"code":22,"dataId":0,"value":0}],"iconIndex":107,"name":"Alabarda","note":"","params":[0,0,18,0,0,0,0,0],"price":1760,"wtypeId":12},
{"id":28,"animationId":11,"description":"[Lança] Uma lança forjada com mithril.","etypeId":1,"traits":[{"code":31,"dataId":1,"value":0},{"code":22,"dataId":0,"value":0}],"iconIndex":107,"name":"Lança de Mithril","note":"","params":[0,0,24,0,0,0,0,0],"price":3420,"wtypeId":12},
{"id":29,"animationId":11,"description":"[Lança] Uma lança forjada com presas de dragão.","etypeId":1,"traits":[{"code":31,"dataId":1,"value":0},{"code":22,"dataId":0,"value":0}],"iconIndex":107,"name":"Lança de Dragão","note":"","params":[0,0,32,0,0,0,0,0],"price":5980,"wtypeId":12},
{"id":30,"animationId":0,"description":"","etypeId":1,"traits":[{"code":31,"dataId":1,"value":0},{"code":22,"dataId":0,"value":0}],"iconIndex":0,"name":"","note":"","params":[0,0,0,0,0,0,0,0],"price":0,"wtypeId":0},
{"id":31,"animationId":1,"description":"[Luva] Uma manopla de combate com espinhos\nafixados nos punhos.","etypeId":1,"traits":[{"code":31,"dataId":1,"value":0},{"code":22,"dataId":0,"value":0},{"code":54,"dataId":2,"value":1},{"code":34,"dataId":0,"value":1}],"iconIndex":106,"name":"Luvas","note":"","params":[0,0,5,5,0,0,0,0],"price":360,"wtypeId":11},
{"id":32,"animationId":16,"description":"[Garra] Uma arma de combate com quatro garras curtas\nafixadas.","etypeId":1,"traits":[{"code":31,"dataId":1,"value":0},{"code":22,"dataId":0,"value":0},{"code":54,"dataId":2,"value":1},{"code":34,"dataId":0,"value":1}],"iconIndex":105,"name":"Bagh Naka","note":"","params":[0,0,12,8,0,0,0,0],"price":980,"wtypeId":10},
{"id":33,"animationId":16,"description":"[Garra] Arma de combate com garras de ferro afixadas.","etypeId":1,"traits":[{"code":31,"dataId":1,"value":0},{"code":22,"dataId":0,"value":0},{"code":54,"dataId":2,"value":1},{"code":34,"dataId":0,"value":1}],"iconIndex":105,"name":"Garra de Ferro","note":"","params":[0,0,20,15,0,0,0,0],"price":1560,"wtypeId":10},
{"id":34,"animationId":16,"description":"[Garra] Arma de combate com garras de mithril afixadas.","etypeId":1,"traits":[{"code":31,"dataId":1,"value":0},{"code":22,"dataId":0,"value":0},{"code":54,"dataId":2,"value":1},{"code":34,"dataId":0,"value":1}],"iconIndex":105,"name":"Garra de Mithril","note":"","params":[0,0,25,18,0,0,0,0],"price":3480,"wtypeId":10},
{"id":35,"animationId":16,"description":"[Garra] Arma de combate com garras de dragão afixadas.","etypeId":1,"traits":[{"code":31,"dataId":1,"value":0},{"code":22,"dataId":0,"value":0},{"code":54,"dataId":2,"value":1},{"code":34,"dataId":0,"value":1}],"iconIndex":105,"name":"Garra de Dragão","note":"","params":[0,0,32,21,0,0,0,0],"price":6890,"wtypeId":10},
{"id":36,"animationId":0,"description":"","etypeId":1,"traits":[{"code":31,"dataId":1,"value":0},{"code":22,"dataId":0,"value":0}],"iconIndex":0,"name":"","note":"","params":[0,0,0,0,0,0,0,0],"price":0,"wtypeId":0},
{"id":37,"animationId":11,"description":"[Arco] Um arco curto feito para caça.","etypeId":1,"traits":[{"code":31,"dataId":1,"value":0},{"code":22,"dataId":0,"value":0}],"iconIndex":102,"name":"Arco Curto","note":"","params":[0,0,7,0,0,0,0,0],"price":310,"wtypeId":7},
{"id":38,"animationId":11,"description":"[Arco] Um arco longo com poder de batalha superior.","etypeId":1,"traits":[{"code":31,"dataId":1,"value":0},{"code":22,"dataId":0,"value":0}],"iconIndex":102,"name":"Arco Longo","note":"","params":[0,0,12,0,0,0,0,0],"price":780,"wtypeId":7},
{"id":39,"animationId":11,"description":"[Arco] Uma besta que dispara flechas com\npoderosas molas.","etypeId":1,"traits":[{"code":31,"dataId":1,"value":0},{"code":22,"dataId":0,"value":0}],"iconIndex":103,"name":"Besta","note":"","params":[0,0,18,0,0,0,0,0],"price":1860,"wtypeId":8},
{"id":40,"animationId":11,"description":"[Arco] Uma besta que dispara flechas de mithril com\npoderosas molas.","etypeId":1,"traits":[{"code":31,"dataId":1,"value":0},{"code":22,"dataId":0,"value":0}],"iconIndex":103,"name":"Arco de Mithril","note":"","params":[0,0,23,0,0,0,0,0],"price":3260,"wtypeId":8},
{"id":41,"animationId":11,"description":"[Arco] Um arco longo para batalha feito com\nfibras de dragão.","etypeId":1,"traits":[{"code":31,"dataId":1,"value":0},{"code":22,"dataId":0,"value":0}],"iconIndex":102,"name":"Arco de Dragão","note":"","params":[0,0,28,0,0,0,0,0],"price":5980,"wtypeId":7},
{"id":42,"animationId":0,"description":"","etypeId":1,"traits":[{"code":31,"dataId":1,"value":0},{"code":22,"dataId":0,"value":0}],"iconIndex":0,"name":"","note":"","params":[0,0,0,0,0,0,0,0],"price":0,"wtypeId":0},
{"id":43,"animationId":6,"description":"[Adaga] Uma faca usada para tarefas cotidianas.","etypeId":1,"traits":[{"code":31,"dataId":1,"value":0},{"code":22,"dataId":0,"value":0}],"iconIndex":96,"name":"Faca","note":"","params":[0,0,5,0,0,0,0,0],"price":280,"wtypeId":1},
{"id":44,"animationId":6,"description":"[Adaga] Uma lâmina curta usada em batalha.","etypeId":1,"traits":[{"code":31,"dataId":1,"value":0},{"code":22,"dataId":0,"value":0}],"iconIndex":96,"name":"Adaga","note":"","params":[0,0,9,0,0,0,0,0],"price":690,"wtypeId":1},
{"id":45,"animationId":6,"description":"[Adaga] Uma adaga com uma lâmina firme e espessa.","etypeId":1,"traits":[{"code":31,"dataId":1,"value":0},{"code":22,"dataId":0,"value":0}],"iconIndex":96,"name":"Facão","note":"","params":[0,0,12,0,0,0,0,0],"price":1280,"wtypeId":1},
{"id":46,"animationId":6,"description":"[Adaga] Uma adaga forjada com mithril.","etypeId":1,"traits":[{"code":31,"dataId":1,"value":0},{"code":22,"dataId":0,"value":0}],"iconIndex":96,"name":"Adaga de Mithril","note":"","params":[0,0,18,0,0,0,0,0],"price":2930,"wtypeId":1},
{"id":47,"animationId":6,"description":"[Adaga] Uma adaga forjada com presas de dragão.","etypeId":1,"traits":[{"code":31,"dataId":1,"value":0},{"code":22,"dataId":0,"value":0}],"iconIndex":96,"name":"Adaga de Dragão","note":"","params":[0,0,23,0,0,0,0,0],"price":5820,"wtypeId":1},
{"id":48,"animationId":31,"description":"Antiga espada temperada pelo sangue de deuses","etypeId":1,"traits":[{"code":31,"dataId":1,"value":0},{"code":22,"dataId":0,"value":0.2}],"iconIndex":96,"name":"Ruína de Deuses","note":"","params":[0,0,100,0,0,0,20,0],"price":0,"wtypeId":2},
{"id":49,"animationId":6,"description":"[Adaga] Uma lâmina curta usada em batalha.","etypeId":1,"traits":[{"code":31,"dataId":1,"value":0},{"code":22,"dataId":0,"value":0}],"iconIndex":96,"name":" Adaga de Demônio","note":"","params":[0,0,35,10,30,10,30,0],"price":690,"wtypeId":1},
{"id":50,"animationId":1,"description":"item perfeito para magos elementais","etypeId":1,"traits":[{"code":31,"dataId":1,"value":0},{"code":22,"dataId":0,"value":0.05}],"iconIndex":101,"name":"Cajado Elemental","note":"","params":[0,50,0,0,50,0,0,0],"price":0,"wtypeId":6}
]